date,r,vix_prev,Rolling 21d,EWMA,"GARCH(1,1)-t",VIX bucket,HMM 2-state,p_high_vol,HMM 3-state
2018-01-04,0.42058573627139495,9.15,0.15324266124741245,0.1751274697495434,0.2739856831629338,0.2551792401383668,0.3055896964723336,0.08826241654134323,0.41539051260443094
2018-01-05,0.6642170397664238,9.22,0.1609683615704522,0.1752333632578679,0.2614342833288878,0.2551792401383668,0.28725717463776834,0.07301549264876497,0.3653834977186151
2018-01-08,0.18271517930523729,9.22,0.17579451531970963,0.19119041801736011,0.2944748717408386,0.2551792401383668,0.3016426845479262,0.08497973721562867,0.40546861489788455
2018-01-09,0.22609450725035174,9.52,0.17736709843443846,0.1817220831412312,0.2571522976505406,0.2551792401383668,0.27678935728317233,0.06430954286361264,0.32336936041974407
2018-01-10,-0.15311579472472303,10.08,0.1750821445069038,0.17388588172528407,0.22943898855499886,0.2551792401383668,0.2681440736695665,0.05711937107623356,0.2768222951576652
2018-01-11,0.7269547973886681,9.82,0.16211384443461738,0.16485939561741805,0.21175485579455894,0.2551792401383668,0.26730972994067875,0.05642545807018898,0.2570187154764457
2018-01-12,0.6497481939683247,9.88,0.18296917529845955,0.18667562852715697,0.2693427596945247,0.2551792401383668,0.2957457638611679,0.08007534371630921,0.3867388141560793
2018-01-16,-0.3423841012178741,10.16,0.2015918221565928,0.20080545374943354,0.29763504916269395,0.2551792401383668,0.30542035912361704,0.08812158083464935,0.4141462230789922
2018-01-17,0.9486804074362531,11.66,0.20716802480638694,0.19579073889047383,0.2887566264065515,0.2551792401383668,0.2960387377375002,0.08031900634141134,0.37542358346175636
2018-01-18,-0.16822548759352074,11.91,0.24204045305391675,0.23804296548425036,0.3947364651372728,0.2551792401383668,0.3930472276236395,0.16099972640683963,0.4570177734962869
2018-01-19,0.45390828534657146,12.22,0.21063757493272553,0.22545837643575997,0.3455345986297578,0.2551792401383668,0.3225593534459241,0.10237586316338186,0.37421904971770076
2018-01-22,0.8098238013052317,11.27,0.20142167383036394,0.22429283773999026,0.3233683873093119,0.2551792401383668,0.29790207935922947,0.08186872373156401,0.35021977478519395
2018-01-23,0.21202114755221046,11.03,0.22560124427873987,0.25018414282521817,0.3804529166214131,0.2551792401383668,0.341558572372918,0.11817727049906697,0.43007202661936017
2018-01-24,-0.038836393738161945,11.1,0.22761093481411473,0.23787027227626645,0.32747439054155275,0.2551792401383668,0.29281600911467476,0.0776387041722898,0.34718612870790944
2018-01-25,0.0423544855255642,11.47,0.22566681231782484,0.22368855186840558,0.283315517448847,0.2551792401383668,0.2741479765468414,0.06211274029484507,0.28518316723407955
2018-01-26,1.1510949174155627,11.58,0.22571964575527223,0.21037487290294934,0.24589969464478809,0.2551792401383668,0.2662851315693248,0.05557331271182159,0.2497475659146966
2018-01-29,-0.6651778768459238,11.08,0.28813355306277727,0.2772535510627689,0.4345403590781207,0.2551792401383668,0.46514555432169313,0.22096298240988546,0.5049830149427292
2018-01-30,-1.031015582181638,13.84,0.3090904191379575,0.28716603446971783,0.46744180097648674,0.2551792401383668,0.5351900386930087,0.27921808402338705,0.49377717657738757
2018-01-31,0.04970715847703033,14.79,0.3576979444075342,0.3337156602436153,0.618982652456285,0.2551792401383668,0.9988254680119214,0.6648177395710457,0.5496360155525835
2018-02-01,-0.11359611363292998,13.54,0.35101989545208107,0.31384096872523004,0.5148780318843276,0.2551792401383668,0.6971165467821048,0.4138902893699761,0.4026967416251185
2018-02-02,-2.2010489248357246,13.47,0.3274136806308966,0.2957847552236666,0.4375590659759184,0.2551792401383668,0.4806353047500722,0.23384560968985063,0.3161657599157802
2018-02-05,-4.27220353590565,17.31,0.5391785616253566,0.5687146520814768,1.3307568938894956,1.0467873617718082,1.316580014405549,0.9290901309585587,1.3449457262236857
2018-02-06,1.951065381153061,37.32,1.399884784989632,1.6296951560888733,4.6019595436998575,3.3226485962424923,1.316657740408353,0.9291547746807876,1.8486829247658787
2018-02-07,-0.5439587101639276,29.98,1.5601453490666735,1.7603128140155773,4.368690825151465,3.3226485962424923,1.3165564461111077,0.9290705295095675,1.8379862582588384
2018-02-08,-3.823077681711151,27.73,1.5726456462864191,1.6724475098764349,3.590240393480512,3.3226485962424923,1.2335875363325328,0.8600663486194634,1.7512312327939992
2018-02-09,1.490988476922439,33.46,2.2662077526763778,2.449056036907724,5.722873675951923,3.3226485962424923,1.316657740408352,0.9291547746807869,1.8486816147427785
2018-02-12,1.4577638441659602,29.06,2.3709507141869164,2.4354954729921903,4.983302438267914,3.3226485962424923,1.3138160099901257,0.9267913438445431,1.8167488699866048
2018-02-13,0.24844443233611457,25.61,2.446979864087446,2.41687027013411,4.373093632485257,3.3226485962424923,1.31304841073295,0.9261529413617986,1.800102812122568
2018-02-14,1.3406003970099611,24.97,2.4298156698204796,2.275561532083592,3.5298077971258035,1.0467873617718082,1.1342386628135075,0.7774391614257229,1.6304856320506818
2018-02-15,1.2679340203652245,19.26,2.509814838948884,2.2468604056263723,3.149906629174604,1.0467873617718082,1.2913163709660083,0.9080786818929075,1.6927783334755104
2018-02-16,0.029287939576327915,19.13,2.543513037260604,2.208508182088761,2.811891423487371,1.0467873617718082,1.3032442905146648,0.9179989799946265,1.6992879058197567
2018-02-20,-0.6280705640773654,19.46,2.542206273866725,2.076049158167713,2.272733229485652,1.0467873617718082,1.1089269444086842,0.7563877290264409,1.4327915935950968
2018-02-21,-0.49868173266540694,20.6,2.5511796025312106,1.9751545666852777,1.930863002508283,1.0467873617718082,1.0854290024259965,0.736844791274868,1.4073542337403628
2018-02-22,0.12953375951099133,20.02,2.5317924064042447,1.8715663009138113,1.626333082471287,1.0467873617718082,0.9863302448228499,0.6544256222887772,1.2707726984770777
2018-02-23,1.5813734433202775,18.72,2.530450788682516,1.7602790625501654,1.322907602186667,1.0467873617718082,0.684707888134728,0.40357016670966556,0.8491494847338891
2018-02-26,1.154516013266882,16.49,2.649461917337756,1.8047068368314734,1.5062133440187613,1.0467873617718082,1.2866321329784807,0.9041828610813974,1.385386809575027
2018-02-27,-1.256482817403004,15.8,2.7128482660256377,1.7763988601149643,1.446076785421433,1.0467873617718082,1.292207005894124,0.9088194115692494,1.4200324525099752
2018-02-28,-1.0181922203746474,18.59,2.7249306260984496,1.764539872733806,1.5053927360004125,1.0467873617718082,1.3116169853661122,0.924962443195587,1.6243144798896276
2018-03-01,-1.4647740725497016,19.85,2.7532284256120785,1.720870404227665,1.4456764323077258,1.0467873617718082,1.301758870716377,0.9167635753504972,1.6647663963180839
2018-03-02,0.5141997643482554,22.47,2.8047793757507686,1.7463519649908354,1.616188612874482,1.0467873617718082,1.3154688160423091,0.9281659614947629,1.783447400541762
2018-03-05,1.149164901036137,19.59,2.817252261277052,1.6574349309507332,1.351160911320467,1.0467873617718082,1.1838544260020947,0.8187039569642311,1.6386737424965632
2018-03-06,0.25320832071598076,18.73,2.879522541883761,1.637223633280093,1.3196369757398327,1.0467873617718082,1.265584269942306,0.8866776226472127,1.6386952837751674
2018-03-07,-0.036670856359943826,18.36,2.6518795935103947,1.5428370825040758,1.082761613354161,1.0467873617718082,1.0520408346100711,0.709076279217666,1.3505195270182893
2018-03-08,0.4827190441584861,17.76,1.78281396015332,1.4503475426562014,0.8885985206436491,1.0467873617718082,0.7608568261614277,0.46690226433764465,0.9121122990232808
2018-03-09,1.7252912907995466,16.54,1.6126407008228125,1.3773077506324263,0.7629386560002811,1.0467873617718082,0.5769125777191678,0.31391818599940396,0.704713348348947
2018-03-12,-0.1256095071685337,14.64,1.7402949370011727,1.4732670878810068,1.1425363311370567,0.2551792401383668,1.3001183431619334,0.915399169569776,1.3859120370323619
2018-03-13,-0.6483627015378524,15.78,1.0450499269008493,1.3858177275056138,0.9414757644209117,1.0467873617718082,1.1193028817509492,0.7650172633807049,1.036481234373186
2018-03-14,-0.5144602682763733,16.35,0.959208381873705,1.3278911154200046,0.8692023527104726,1.0467873617718082,1.1053627315756247,0.7534234188080754,1.0694531430112437
2018-03-15,-0.10901532388585267,17.23,0.8706176172202517,1.2640978105529042,0.7787904065408546,1.0467873617718082,1.0152015030032846,0.6784374783843248,0.9548295634924644
2018-03-16,0.10833177581819342,16.59,0.8682442698337337,1.1889650023702463,0.6487795663141491,1.0467873617718082,0.7364598330712454,0.4466115972810036,0.6292218644353292
2018-03-19,-1.3622294444391336,15.8,0.7832217150331937,1.1183312486471468,0.5389911626626308,1.0467873617718082,0.488054202500131,0.24001581204295475,0.38547418014688933
2018-03-20,0.16987904469409898,19.02,0.7950318283330712,1.162571517286135,0.8327447453743836,1.0467873617718082,1.2399590524465385,0.8653654570644027,0.9437448734473366
2018-03-21,-0.19209362829375465,18.2,0.7963652143531451,1.0945487596385377,0.6880633811390966,1.0467873617718082,1.0011232298327548,0.6667287586835098,0.6252927730489293
2018-03-22,-2.531447423095745,17.86,0.7793379442850783,1.031089831782089,0.582853810193491,1.0467873617718082,0.7463213274360622,0.454813275991892,0.4369255129402557
2018-03-23,-2.1545232537555137,23.34,1.0726494959709791,1.3537180052290492,1.7474956866245284,1.0467873617718082,1.3166569775314774,0.9291541402058491,1.7901503455397767
2018-03-26,2.6991533814459068,24.87,1.292896708167179,1.5510131519737012,2.341669878252925,1.0467873617718082,1.3166548446333277,0.9291523663017431,1.8445872269727566
2018-03-27,-1.715831822315117,21.03,1.5207389467068095,1.8950781014495317,3.1872186643636504,1.0467873617718082,1.3166576808054165,0.9291547251097877,1.8477457484314266
2018-03-28,-0.2959181491003271,22.5,1.5974614046867888,1.9580181459107129,3.167504613998143,1.0467873617718082,1.3165055272555786,0.9290281809487989,1.8394902198848502
2018-03-29,1.2696645733089262,22.87,1.5264527609028826,1.8457911102140878,2.582257012034971,1.0467873617718082,1.1783580488336454,0.8141326903851703,1.7294152748762588
2018-04-02,-2.1820730075513772,19.97,1.5538495576211817,1.8317665313241869,2.3576910182016553,1.0467873617718082,1.287133076300023,0.9045994892336495,1.7260934935562564
2018-04-03,1.2735614603307077,23.62,1.6784152493673947,2.0075470960617947,2.853749399265677,1.0467873617718082,1.3166547054924296,0.929152250580038,1.8429700060118288
2018-04-04,1.064195746001051,21.1,1.7430608396332938,1.984411797892468,2.577044534427882,1.0467873617718082,1.3068149092530326,0.9209686179224897,1.797506757700225
2018-04-05,0.7861089174507896,20.06,1.7341052499205962,1.9332978451673237,2.269263119043411,1.0467873617718082,1.2870009400478941,0.9044895932030955,1.740280779917923
2018-04-06,-2.2538128310819694,18.94,1.760479191654684,1.8543780082630235,2.0052659296360122,1.1717983207765053,1.463335456452044,0.8649676565061878,1.7757909163319907
2018-04-09,0.49163646492367263,21.49,2.0023043119329484,2.0478956644202255,2.740211051123887,1.1717983207765053,1.5795097605350237,0.9464057072909005,1.979765422654289
2018-04-10,1.5775368207432194,21.77,2.00271806136387,1.9395243093735708,2.2156731511694927,1.1717983207765053,1.4436081210901062,0.8511388175754634,1.8740504941331415
2018-04-11,-0.5255833927166442,20.47,1.9794796033968158,1.9724701960591942,2.242999144809941,1.1717983207765053,1.5704406612378348,0.9400482793298212,1.9174411368450872
2018-04-12,0.8193448888753174,20.24,1.9918824678924543,1.8706962584576148,1.862463359070941,1.1717983207765053,1.480295708913348,0.8768567735718574,1.818215415093518
2018-04-13,-0.2937614961586732,18.49,2.003832556186771,1.7987340457657242,1.6050449774913431,1.1717983207765053,1.4168621934280203,0.832389953681487,1.7101776261487471
2018-04-16,0.8188456108502606,17.41,1.9953385775672654,1.6959877520173035,1.3130212397724088,1.1717983207765053,1.1986217943576092,0.6794036901263609,1.476998553361693
2018-04-17,1.0641371041193004,16.56,2.0267016153561603,1.6344589749607892,1.1722411967486006,1.1717983207765053,1.1560976412958222,0.6495943087493128,1.3761070536441196
2018-04-18,0.07398603502020151,15.25,2.0800659964376598,1.6043347030449464,1.1512351390692728,1.1717983207765053,1.3217214739461167,0.765696421010724,1.3800002132778262
2018-04-19,-0.5562825648213199,15.6,1.991961466631996,1.5084030568649303,0.9274277756272807,1.1717983207765053,0.9804763133924241,0.5264839640515736,0.998107527208979
2018-04-20,-0.8515755365618105,15.96,2.0053229619699966,1.4364658909684855,0.8344796753658648,1.1717983207765053,0.9010023209103815,0.470772788616483,0.9329425141732999
2018-04-23,-0.014979142012272462,16.88,2.038098244467114,1.3937887911786087,0.8579046417022982,1.1717983207765053,1.1239570198125135,0.6270637708195109,1.029061189243321
2018-04-24,-1.3558835869378782,16.34,1.7329553072669872,1.3101749261896174,0.6980586795164262,1.1717983207765053,0.7729331089072452,0.38099642134321804,0.7153046579550736
2018-04-25,0.24683519876385063,18.02,1.5994529191886202,1.341869648697892,1.000459494950729,1.1717983207765053,1.4905483983455412,0.8840438968281537,1.1829708108023493
2018-04-26,1.0114565435168643,17.84,1.2554290448447114,1.2650131266969458,0.8151152158361802,1.1717983207765053,1.242516330389408,0.7101737083566897,0.8402301172605164
2018-04-27,0.09381578332314788,16.24,1.163951211366324,1.2504949994605141,0.8485891026395593,1.1717983207765053,1.3393518105702815,0.7780552662879445,0.9060817474969359
2018-04-30,-0.7719946562335878,15.41,1.1602004423298276,1.1759933835649152,0.6892117561417158,1.1717983207765053,1.0028715429488049,0.5421829936807516,0.6258955175084118
2018-05-01,0.17750192303234158,15.93,1.1118160433078028,1.141192325506213,0.7138614279615857,1.1717983207765053,1.1252712582074371,0.6279850503915629,0.718522686370958
2018-05-02,-0.674011472794156,15.49,0.8865810110409391,1.0746112019366512,0.585354963073472,1.1717983207765053,0.7696628093975095,0.37870394522591033,0.5155423960986095
2018-05-03,-0.22059093600610424,15.97,0.8309778049561042,1.037392017747941,0.5992354185689627,1.1717983207765053,0.8119573656782496,0.4083523795289692,0.5750617296054664
2018-05-04,1.2863131839377928,15.9,0.7793657942533094,0.9780681183459474,0.5108545281681472,1.1717983207765053,0.5742542742049419,0.24172279144674105,0.46500196919057685
2018-05-07,0.3377591805778124,14.77,0.8287293360188586,1.0186601276755216,0.733707672337945,0.2661249079383276,1.106694016267396,0.6149624255994889,0.6025771961370678
2018-05-08,0.0,14.75,0.5922726210909954,0.964385395858866,0.613494272457885,0.2661249079383276,0.782877526457554,0.3879674463721951,0.4843620925554216
2018-05-09,0.9619537087695029,14.71,0.580762791869917,0.9065222721073339,0.5050986152501729,0.2661249079383276,0.5158596866955929,0.2007882541523151,0.3772209164305159
2018-05-10,0.9306843691330613,13.42,0.5063214831563349,0.9076522320498179,0.5853972564722121,0.2661249079383276,0.6316037643248389,0.2819247166980049,0.5007261340898664
2018-05-11,0.3046920248902296,13.23,0.5344136494539095,0.905163501823745,0.6371094135295458,0.2661249079383276,0.7289675876917351,0.3501766425824376,0.5124256009648965
2018-05-14,0.04764775320795778,12.65,0.5068665629351288,0.8564239255162228,0.5339620566451634,0.2661249079383276,0.4959433097571858,0.18682689729840213,0.43194455239975216
2018-05-15,-0.6910919070511667,12.93,0.5028653482570518,0.8051747084883953,0.4414974642234477,0.2661249079383276,0.36708187663887126,0.09649518395338874,0.3481875823606152
2018-05-16,0.4196164736712582,14.63,0.49367962871337956,0.7855207074185887,0.4913924010370265,0.2661249079383276,0.4176763086490103,0.13196182139950052,0.45845288269054957
2018-05-17,-0.08449456997414728,13.42,0.4481410672187553,0.7489541440720515,0.4332554677298942,0.2661249079383276,0.34809710840033686,0.08318688370446754,0.4021989148646562
2018-05-18,-0.25035021522947787,13.43,0.4482203719319508,0.7044452553690354,0.3672555082926229,0.2661249079383276,0.3097862152809147,0.056330992601055334,0.33268647137877944
2018-05-21,0.7490575787387321,13.42,0.43646917851962985,0.6659390538628199,0.33204803007630246,0.2661249079383276,0.3002405301429971,0.04963947852509107,0.3079724846893439
2018-05-22,-0.2783638549860079,13.08,0.428655195747982,0.6596479460070066,0.37886534679484307,0.2661249079383276,0.3191772533387022,0.0629140992553892,0.39968406991484245
2018-05-23,0.27470076911759733,13.22,0.432334341513089,0.6247182553923465,0.34516571901793636,0.2661249079383276,0.30607808579271883,0.05373159818281726,0.3601593179012954
2018-05-24,-0.205048261027585,12.58,0.34838387538100685,0.5917627908220336,0.30133029946184775,0.2661249079383276,0.29311853929643916,0.044646971302186006,0.3008899100945723
2018-05-25,-0.23854716520972374,12.53,0.34748469319060904,0.5587797107337378,0.2744071453419219,0.2661249079383276,0.29118504141945617,0.04329159156016144,0.2769324006754517
2018-05-29,-1.1567861422856929,13.22,0.3014780460766334,0.5286672130914892,0.25736045272452124,0.2661249079383276,0.2914357163695894,0.04346731440593657,0.26692527265735144
2018-05-30,1.3256807994054043,17.02,0.36478055930442765,0.5772364310450528,0.5419465167394901,1.1717983207765053,0.6103492523012889,0.2670253287202486,0.6401052132131179
2018-05-31,-0.6145242713744281,14.94,0.420087884669139,0.6480480200970788,0.7786582348223371,0.2661249079383276,1.1980274651121667,0.6789870660229911,0.7229193716798286
2018-06-01,0.9769815704731677,15.43,0.43657041549904807,0.6318235436977504,0.7334805727192963,1.1717983207765053,1.1530522258850848,0.6474594761214106,0.6670230234864472
2018-06-04,0.47400098093852705,13.46,0.4603895356698134,0.6511837104185384,0.7709136025113862,0.2661249079383276,1.2488199533131774,0.7145925406264052,0.6592309966790024
2018-06-05,0.07273150069977419,12.74,0.468771277045177,0.6255933035892672,0.6619406496730391,0.2661249079383276,0.9813822319152231,0.5271190118725946,0.535632022832139
2018-06-06,0.832610245416987,12.4,0.39023262295097977,0.5883750976455537,0.5421425938077538,0.2661249079383276,0.6454924131355377,0.2916606432103672,0.40324598833859093
2018-06-07,-0.010817482275626844,11.64,0.4178116018418722,0.5946669810332206,0.5695993038446645,0.2661249079383276,0.6570175332723616,0.29973973889689853,0.4842897061076178
2018-06-08,0.2951930641783562,12.13,0.4178171741239095,0.5589939832465943,0.4708891141313144,0.2661249079383276,0.446239945150732,0.15198489705624627,0.3847695823095297
2018-06-11,0.13292038396306438,12.18,0.3779021268536051,0.530682680960139,0.40216436693961133,0.2661249079383276,0.3513211599391483,0.085446940048448,0.320510542686614
2018-06-12,0.12917253960909036,12.35,0.337497099878571,0.499901789810904,0.3383594178859203,0.2661249079383276,0.30828405934458447,0.055277983053074374,0.2666668765561339
2018-06-13,-0.3196336905081587,12.34,0.3338708291622544,0.47090881512159344,0.2880248917463254,0.2661249079383276,0.2923750748730675,0.04412580361415822,0.23761602554946445
2018-06-14,0.2515037822052868,12.94,0.3386277523871163,0.4487842279807697,0.2800949696165866,0.2661249079383276,0.29532304115212366,0.046192324515147744,0.25739614817944595
2018-06-15,-0.1276584146799209,12.12,0.3188966156476851,0.4256524234497374,0.2482271466148465,0.2661249079383276,0.28868973982366386,0.04154238807075504,0.23598750393353599
2018-06-18,-0.2059111722673812,11.98,0.3112879816411275,0.4010910782930686,0.2248053660819258,0.2661249079383276,0.28745625860793733,0.04067771918651904,0.22960397321789738
2018-06-19,-0.3840277296027317,12.31,0.3129670329987184,0.3795695782473561,0.21425024810977322,0.2661249079383276,0.28881194745940963,0.04162805547995281,0.23369223138989348
2018-06-20,0.17046737466142048,13.35,0.31700522665768904,0.36564404137874446,0.2335156188368202,0.2661249079383276,0.29691599053091955,0.047308980159714346,0.2692230370282086
2018-06-21,-0.6288646971538192,12.79,0.29167055377949974,0.3454489464454572,0.20681552702843395,0.2661249079383276,0.2884646947336938,0.04138463172686728,0.23601500456918362
2018-06-22,0.18217990944204843,14.64,0.30681266671110424,0.34845025809831165,0.28738998027096413,0.2661249079383276,0.3205507722707643,0.06387693441438558,0.3843101273356899
2018-06-25,-1.3706770923149314,13.77,0.30479976227541433,0.3295346137766717,0.24975083812466697,0.2661249079383276,0.29719529783494203,0.04750477425195424,0.29338055632771476
2018-06-26,0.22116866773593813,17.33,0.3922621861823895,0.42248787843388635,0.6564000424232544,1.1717983207765053,0.9857562323348711,0.5301851810321121,0.7457787137717575
2018-06-27,-0.8318559288335692,15.92,0.3918817494946988,0.40007354050313854,0.5424445580715986,1.1717983207765053,0.6561263246714608,0.29911500271386027,0.5472984498765906
2018-06-28,0.570113133131045,17.91,0.36111175460666756,0.41758818525308383,0.6203506501356266,1.1717983207765053,0.8657181939350242,0.446038657026928,0.6347357368684726
2018-06-29,0.14385766310711645,16.85,0.2929022023522079,0.41203463321200856,0.5615979820535019,1.1717983207765053,0.6733578260873379,0.3111942649782652,0.5401849276780982
2018-07-02,0.21356259547404832,16.09,0.27590481888203494,0.3885542568533665,0.46420632161910186,1.1717983207765053,0.45154858955862126,0.15570625055433884,0.4121382689941281
2018-07-03,-0.35375305296243553,15.6,0.2326246280792442,0.3679775403733012,0.39064089426792487,1.1717983207765053,0.3497094087985182,0.0843171043909071,0.32463539452094675
2018-07-05,0.8124661961133484,16.14,0.227884832486366,0.3534073612997177,0.3667802770933722,1.1717983207765053,0.32764972135014064,0.06885328938554518,0.32656769459720925
2018-07-06,0.8423269820461599,14.97,0.25906633004031143,0.3718089988113483,0.4167827978072218,0.26652735052407656,0.34236398895869086,0.06374846270380044,0.37487784437481336
2018-07-09,0.8963729451514801,13.37,0.2598413264169617,0.3920713435636469,0.4688450075388916,0.26652735052407656,0.36380707589788236,0.07873062490857309,0.3718448590488897
2018-07-10,0.359218048381571,12.69,0.2980969187444263,0.41675613035780046,0.5271424841928867,0.26652735052407656,0.398247686207852,0.10279408235565592,0.3723980178081133
2018-07-11,-0.7341827119496713,12.64,0.3000920930846195,0.3994930189133163,0.4557106909146301,0.26652735052407656,0.34178846862300327,0.06334634993683416,0.3421281822711945
2018-07-12,0.9025118403873655,13.63,0.3249185895633283,0.40786489305006374,0.5105179407112466,0.26652735052407656,0.3856662121305981,0.09400347837521672,0.37711425199233684
2018-07-13,0.0787195619001757,12.58,0.3629110694228677,0.43226465678942333,0.5622141094611239,0.26652735052407656,0.42306228121073153,0.120131897961831,0.3787991817235058
2018-07-16,-0.08945603909795707,12.18,0.35834112053324346,0.40670058354760324,0.4672446851839595,0.26652735052407656,0.3454048308080495,0.0658730815124331,0.330422011621901
2018-07-17,0.4037653494596505,12.83,0.3557100838888401,0.3827786915106128,0.3969680595478863,0.26652735052407656,0.3167295850759117,0.04583785132197978,0.3249628255212109
2018-07-18,0.21010672130614694,12.06,0.3626972165833965,0.36959355746543243,0.3578494947694998,0.26652735052407656,0.30774720213479223,0.039561911734043324,0.34396487728079683
2018-07-19,-0.377861397203727,12.1,0.3627803319868961,0.3500666340777876,0.3088459029065441,0.26652735052407656,0.30078933951281894,0.034700492914237026,0.32839578874920883
2018-07-20,-0.11435892082491961,12.87,0.3625566147675115,0.3376293901629255,0.3059227291370256,0.26652735052407656,0.3063925828773383,0.03861544700634638,0.3432921237607436
2018-07-23,0.18578616032520756,12.86,0.36179560700314406,0.31815630451948435,0.2706500860298011,0.26652735052407656,0.3015102291728934,0.03520417439674029,0.3262778208449512
2018-07-24,0.5019354561862421,12.62,0.34460730652895455,0.3011379160904183,0.23843657780688757,0.26652735052407656,0.29828997693726833,0.03295420257732667,0.3271717725093601
2018-07-25,0.8486132402920177,12.41,0.35502395808955345,0.29818599325560663,0.24679191575300363,0.26652735052407656,0.30228193550403,0.035743361196678466,0.3513637419072065
2018-07-26,-0.23615620835562012,12.29,0.2998519933372678,0.3235034995562053,0.3358639571734423,0.26652735052407656,0.32768878611394575,0.0534949824081969,0.3602064737569835
2018-07-27,-0.6799472926135586,12.14,0.3001783826304494,0.30743947486752715,0.30624323143968823,0.26652735052407656,0.3137555363378786,0.04375990047821984,0.3313716438286294
2018-07-30,-0.5237187049919712,13.03,0.2892423842683993,0.316732805619426,0.37527898623131034,0.26652735052407656,0.3434600420100528,0.06451426870212093,0.37622250976574123
2018-07-31,0.49174665787949934,14.26,0.2868258270012551,0.31418571419976854,0.38863885247296015,0.26652735052407656,0.3451423263181508,0.06568967112668514,0.3715990967590533
2018-08-01,-0.16721070112977188,12.83,0.297355338825113,0.30984345787992185,0.36427888026267097,0.26652735052407656,0.3246327906764076,0.05135977587417126,0.3549096851552546
2018-08-02,0.5432890030561133,13.15,0.2965148834149558,0.2929304155214651,0.3213762069109636,0.26652735052407656,0.3101440457989166,0.04123657269387743,0.32807363107495463
2018-08-03,0.42756816038798107,12.19,0.30461115571788255,0.29306436704067956,0.3199569826007039,0.26652735052407656,0.3097426157177072,0.04095609579203914,0.35141797752372783
2018-08-06,0.3660451329894343,11.64,0.2818832134298191,0.28644937692489253,0.29996372150867157,0.26652735052407656,0.30535896421057435,0.03789326355546296,0.33875619411714336
2018-08-07,0.3296516564637031,11.27,0.2544772274632601,0.2773017566725141,0.27621452110902756,0.26652735052407656,0.30199454582105967,0.035542563668857496,0.3317343461858674
2018-08-08,-0.04197624358770469,10.93,0.22139083497800888,0.26718386414871903,0.25340651578357415,0.26652735052407656,0.29996803076756423,0.03412664919124604,0.3294137275426899
2018-08-09,-0.13675521425557946,10.85,0.2153300920609932,0.2512585526013399,0.22471089491261467,0.26652735052407656,0.2981210092832308,0.032836145843828934,0.32108329709043987
2018-08-10,-0.6722254585153742,11.27,0.19055284130386532,0.23730515876282485,0.20794146391391122,0.26652735052407656,0.2985368751797744,0.033126708967278345,0.3249929163999821
2018-08-13,-0.37507205661038157,13.16,0.1732842434484756,0.25018007326162767,0.29499777441829345,0.26652735052407656,0.32710972139235905,0.05309039319907433,0.38902088370969146
2018-08-14,0.6360278715751733,14.78,0.17968816145915112,0.24361001172492647,0.2944414371609793,0.26652735052407656,0.3205693320388622,0.04852066056429388,0.3612663189274066
2018-08-15,-0.7495411183751521,13.31,0.19857049814912014,0.2532652982266576,0.3175095502930122,0.26652735052407656,0.32097741447742356,0.04880578543016713,0.366413191854776
2018-08-16,0.8058961057817449,14.64,0.21756028056392013,0.27177809362116256,0.4057668147494443,0.26652735052407656,0.36525231549325543,0.07974040554808841,0.3873506470130959
2018-08-17,0.3514236789257552,13.45,0.24638521861040405,0.2944395200027437,0.4493043599952956,0.26652735052407656,0.3763218605028384,0.0874746333361355,0.3810973226192388
2018-08-20,0.21375504951528512,12.64,0.24546709321102117,0.28418306492916184,0.3930703641317713,0.26652735052407656,0.3317356819411221,0.05632252537719722,0.34584864700456464
2018-08-21,0.23425647846071485,12.49,0.24702010551678505,0.26987355430500903,0.3369974988706432,0.26652735052407656,0.3099878099417491,0.04112741159403567,0.3287497096161553
2018-08-22,-0.05934131199047954,12.86,0.24798961029451988,0.25697370690875737,0.2937323610735421,0.26652735052407656,0.3018561169050181,0.035445844176937025,0.32837380650582426
2018-08-23,-0.13288512643629957,12.25,0.23616019072937042,0.241766567972757,0.25754670130061397,0.26652735052407656,0.2990116366189184,0.033458422069500886,0.3234588061206078
2018-08-24,0.6000467031271661,12.41,0.2027084776450406,0.22832008130407105,0.23368415531791994,0.26652735052407656,0.2988373243853503,0.03333663110885239,0.325971994623895
2018-08-27,0.7863502839549064,11.99,0.2171983010349872,0.2362242391818537,0.26154980793150884,0.26652735052407656,0.3062392218148293,0.038508294509090685,0.36128025165926747
2018-08-28,0.04837084671676095,12.16,0.224627750956104,0.2591515909755002,0.32928174157313084,0.26652735052407656,0.3242141943982398,0.05106730504869686,0.3601776032879263
2018-08-29,0.536616494405262,12.5,0.21167815366341963,0.24374287984569598,0.28249411149275494,0.26652735052407656,0.3066291645958635,0.03878074529999598,0.32457395823080815
2018-08-30,-0.40569452648258064,12.25,0.2138754149268547,0.24639574277902176,0.2878707007962399,0.26652735052407656,0.307655030531011,0.03949751196163928,0.35019977029106286
2018-08-31,0.0034755764580118864,13.53,0.22038154017664585,0.24148728114135598,0.2943551801860358,0.26652735052407656,0.31155866106547736,0.042224956290001586,0.34245703453059084
2018-09-04,-0.17240677547256666,12.86,0.20632673726188447,0.22699876905077754,0.2555826512495144,0.26652735052407656,0.30213462721616335,0.03564043773844766,0.32272536900513565
2018-09-05,-0.2694466950562635,13.16,0.1990367165214695,0.21516228868146176,0.2356133212257155,0.26652735052407656,0.30080253671481083,0.03470971372378985,0.32663956679277784
2018-09-06,-0.30147894315577517,13.91,0.19611350138296904,0.20660864264917864,0.23093967701571466,0.26652735052407656,0.3025427443865263,0.03592558687123202,0.33472975064815624
2018-09-07,-0.19450135041623184,14.65,0.19526680321901954,0.1996654972802073,0.2317331834204508,0.26652735052407656,0.30436365655237757,0.03719784778715296,0.3388413490837121
2018-09-10,0.17367636491556482,14.88,0.19698436370892447,0.18995541396221913,0.2189053288935411,0.26652735052407656,0.3022092975463911,0.03569260947111508,0.3304423812669039
2018-09-11,0.3292077952458783,14.16,0.19753014899960047,0.18036789790830304,0.1968577444768754,0.26652735052407656,0.2984893368953443,0.03309349423983314,0.32737705136899004
2018-09-12,0.024216549619815453,13.22,0.18117256354124076,0.176048490380844,0.19038736406469448,0.26652735052407656,0.2985529377698449,0.03313793180709365,0.33655973714537163
2018-09-13,0.5897165921790126,13.14,0.1745014870472192,0.16552076743452268,0.17260793577270617,0.26652735052407656,0.2971477176716598,0.032156112561379735,0.32353960979793317
2018-09-14,0.017178693140529333,12.37,0.17179835398392315,0.176455460933925,0.21095290857257232,0.26652735052407656,0.3048554061023281,0.03754143038523575,0.35787938114446827
2018-09-17,-0.530805518905364,12.07,0.1450594596678728,0.1658858397277705,0.18906848271120777,0.26652735052407656,0.29952900905033436,0.0338199072283184,0.32461875133900514
2018-09-18,0.5411279475147523,13.68,0.12754926755293047,0.17283795927812784,0.24254131121497066,0.26652735052407656,0.31436255419157155,0.04418402038087241,0.36357242015679253
2018-09-19,0.10647618697943173,12.79,0.1356121653373027,0.18003684905633188,0.2569964099612405,0.26652735052407656,0.3118152443770701,0.04240422958233221,0.35454205059516747
2018-09-20,0.807119435374215,11.75,0.13397625853732162,0.1699148688165727,0.22526862825398652,0.26652735052407656,0.3018744427914681,0.03545864836898816,0.3247005985770082
2018-09-21,-0.09141133881529484,11.8,0.16238414831151096,0.19880648366510584,0.3064230620349845,0.26652735052407656,0.32272876539289813,0.05002944429829214,0.363768880365473
2018-09-24,-0.33274354953833907,11.68,0.1626143693379516,0.18737945661703975,0.26947172729851754,0.26652735052407656,0.3076398073328485,0.0394868756001493,0.32669065471076725
2018-09-25,-0.0928175171380552,12.2,0.16704578900135067,0.18277978540557974,0.26709461391914435,0.26652735052407656,0.30806257337096354,0.039782259813050655,0.3388692515862661
2018-09-26,-0.29963968880117875,12.42,0.15031050545629793,0.17232990377050533,0.23835297000950806,0.26652735052407656,0.30184499138756854,0.03543807084152527,0.3255660796629646
2018-09-27,0.2789926654458874,12.89,0.125140847076722,0.16737714613056703,0.23734659515871823,0.26652735052407656,0.3039652002144167,0.03691944862271462,0.3374178671872486
2018-09-28,0.010341792708068454,12.41,0.12873595034150792,0.16200473180508904,0.217916430467626,0.26652735052407656,0.30003653164428534,0.034174510362033395,0.33396252205103893
2018-10-01,0.34680032610809874,12.12,0.1150287927514424,0.1522908650573687,0.19474972514644473,0.26652735052407656,0.29776907039671685,0.03259024815666885,0.32355686037342
2018-10-02,-0.058265203617491323,12.0,0.11291843167385948,0.1503696411252476,0.1905613966956654,0.26652735052407656,0.2985293346913263,0.033121440471126036,0.33793726146691366
2018-10-03,0.054845714486440045,12.05,0.11307951521294861,0.141551152694888,0.17561955798991707,0.26652735052407656,0.2977237021468644,0.03255854961997195,0.32416225143040334
2018-10-04,-0.7846492097232982,11.61,0.11180732264955241,0.1332385666770464,0.15456314497498633,0.2595096594442718,0.283665211671898,0.029032148320361828,0.21202556662665117
2018-10-05,-0.5612813384497706,14.22,0.13766793507063116,0.16218471561558742,0.2819909376130035,0.2595096594442718,0.32762602423436554,0.06020409122476873,0.4477469004768321
2018-10-08,0.0,14.82,0.14834161067661414,0.17135583713217015,0.32048778470783046,0.2595096594442718,0.3355550185032272,0.06582642034543983,0.4851120263872028
2018-10-09,-0.14600828243791497,15.69,0.14654014518548375,0.16107448690423992,0.27601049550568885,1.1270159467364942,0.30319667084085844,0.04288160865937281,0.36355396059135414
2018-10-10,-3.217536067783122,15.95,0.14611895179549259,0.15268912280241373,0.24871502437809856,1.1270159467364942,0.29296765674655084,0.0356283704972474,0.302654419199187
2018-10-11,-2.2272666787873874,22.96,0.6339361220352366,0.764680076283386,2.2608869163241314,1.1270159467364942,1.581384047662622,0.9492248177346051,1.946073489279816
2018-10-12,1.3792794084053206,24.98,0.870132808566718,1.016442283212579,2.8183295980693837,1.1270159467364942,1.5813744698536953,0.949218026256113,1.9516615764483733
2018-10-15,-0.5632871193006928,21.31,0.9441635717743231,1.06960044740688,2.5844183237731104,1.1270159467364942,1.571728656525496,0.9423783268782651,1.9154230898738984
2018-10-16,2.163016345707014,21.3,0.9592586799301352,1.0244619632886716,2.153782576573332,1.1270159467364942,1.4925161772047812,0.8862099637663884,1.8246655113374577
2018-10-17,0.017823204166145246,17.62,1.1686341662584845,1.243712628199095,2.556887446660567,1.1270159467364942,1.5811813130661239,0.9490810617187714,1.937936598043473
2018-10-18,-1.4546501514004717,17.4,1.1547055096406378,1.169108930503554,2.055823968237493,1.1270159467364942,1.4193273076551538,0.8343128506364346,1.8052888428523481
2018-10-19,-0.05428788183472477,20.06,1.2549278850966252,1.2259228184515056,2.097105118473423,1.1270159467364942,1.5729707846740584,0.9432591010375672,1.897299875422722
2018-10-22,-0.4498192744995855,19.89,1.2240471894373541,1.1525442797912613,1.692337105925852,1.1270159467364942,1.4072238591281427,0.825730479555502,1.7300782847898855
2018-10-23,-0.5103888099925236,19.64,1.2332843964300841,1.0955318657864654,1.4188019243741976,1.1270159467364942,1.2614914897093759,0.7223938751105649,1.5715932469747023
2018-10-24,-3.0767234899366613,20.71,1.2404167044113323,1.0454297580812126,1.2137205869606786,1.1270159467364942,1.134544778998422,0.6323778952521163,1.4221254366664196
2018-10-25,1.7781697973062727,25.23,1.6907791968894448,1.550677618608022,2.8580153518343674,3.4224118863197397,1.5813842176552493,0.949224938273789,1.9529396423305412
2018-10-26,-1.774423031241401,24.22,1.8370698580774139,1.6473502311746746,2.842295472314546,1.1270159467364942,1.5802369152481788,0.9484114036040995,1.9380917245454767
2018-10-29,-0.555545681284908,24.16,1.9832955812406197,1.7374238429321895,2.9268036545530647,1.1270159467364942,1.581068562271635,0.9490011118469796,1.9446305546390699
2018-10-30,1.470955877799618,24.7,1.997987202731948,1.6516962725959168,2.4244834604452214,1.1270159467364942,1.5012435204794572,0.892398390012577,1.8598837659152692
2018-10-31,1.0624342721074598,23.35,2.0952939040769274,1.6824171679061564,2.3175998296980325,1.1270159467364942,1.5674138840838978,0.9393187874304014,1.8784860592659398
2018-11-01,1.058585020969538,21.23,2.1488830349624473,1.6491981327846974,2.048833773681091,1.1270159467364942,1.540240666907509,0.9200506728306587,1.822253695244596
2018-11-02,-0.594088048474628,19.34,2.20210180611595,1.6174823796148803,1.8334550640246778,1.1270159467364942,1.5259272401048016,0.9099012398003571,1.7699782728762747
2018-11-05,0.5501734659703494,19.51,2.1895906740693305,1.541609873398411,1.5635734105231631,1.1270159467364942,1.4524046038200118,0.8577674577599484,1.661974764218926
2018-11-06,0.6308182405364349,19.96,2.189002774153419,1.4672747315539758,1.307205773240664,1.1270159467364942,1.2730587789747114,0.7305960638218274,1.4292174171205954
2018-11-07,2.1183017965389794,19.91,2.2079519004673944,1.4031141468163462,1.1188254001260696,1.1270159467364942,1.0932826501087947,0.6031195478538729,1.2071515634386163
2018-11-08,-0.1816736796881102,16.36,2.4206130472616705,1.5881594480805816,1.6981842778771217,1.1270159467364942,1.5799380042215994,0.9481994503459382,1.8456103361926377
2018-11-09,-0.9816464242313749,16.72,1.929206712900058,1.4948502007492317,1.384018130242537,1.1270159467364942,1.4351031189493784,0.8454992382455234,1.6560715475591858
2018-11-12,-1.886196140151064,17.36,1.7388692292700416,1.4629769708366525,1.3318030403809862,1.1270159467364942,1.5101324002498755,0.8987013593285761,1.7132236088066095
2018-11-13,-0.18726652822360634,20.45,1.8176941908257482,1.5886625053336998,1.8046726849070502,1.1270159467364942,1.5810857347897915,0.9490132886181604,1.9271189246547937
2018-11-14,-0.6860274092872487,20.02,1.804254970531598,1.495446880169253,1.4693323844663175,1.1270159467364942,1.4380067926684932,0.8475581890726187,1.7965025161887747
2018-11-15,1.0382587637812968,21.25,1.6038737274124388,1.4339580837367003,1.298484569411867,1.1270159467364942,1.4057802987306967,0.8247068728552321,1.7236118358683088
2018-11-16,0.25975361775314454,19.98,1.6551910414106252,1.4125994743466184,1.228684378784407,1.1270159467364942,1.4452681278092923,0.8527070912703912,1.6761903642309413
2018-11-19,-1.7059513181192365,18.14,1.5576417499328368,1.331891822401972,1.0044107328539138,1.1270159467364942,1.1805765021326156,0.6650182893142502,1.3686566914696285
2018-11-20,-1.8679105578139676,20.1,1.6960856892508678,1.4265945070454196,1.4169339102432659,1.1270159467364942,1.5767768853471984,0.9459579490787163,1.8488710031332742
2018-11-21,0.3401412137331583,22.48,1.8525977117404657,1.5503442277422679,1.8589850475214376,1.1270159467364942,1.5812116739551563,0.9491025901629533,1.9390804243834387
2018-11-23,-0.670126866974563,20.8,1.845702440688765,1.4642653367945238,1.5129922540317695,1.1270159467364942,1.4315539547578986,0.8429825799517768,1.811499560137058
2018-11-26,1.6015398103136569,21.52,1.4163139923227224,1.403353617657321,1.3287282902925674,1.1270159467364942,1.3932366572815384,0.8158123676749447,1.7325066264947209
2018-11-27,0.33590198870641075,18.9,1.3878874178449732,1.473048186439052,1.5173272795836632,1.1270159467364942,1.568114993210197,0.9398159332377886,1.8476457184692925
2018-11-28,2.276417786443652,19.02,1.2433280393791162,1.3914351040137243,1.240599065617333,1.1270159467364942,1.4057955259571537,0.8247176702496851,1.646443920674437
2018-11-29,-0.21875180284292028,18.49,1.475396941019245,1.618873674079122,1.9217022405870718,1.1270159467364942,1.5812436852270475,0.9491252888684941,1.9322244540331237
2018-11-30,0.6076781221168837,18.79,1.3746417580103774,1.5246123947091963,1.5657843600424348,1.1270159467364942,1.4427048072294335,0.8508894796726187,1.8083683062594114
2018-12-03,1.3154907735495769,18.07,1.3384753826556628,1.4552920130326146,1.3199080175560027,1.1270159467364942,1.2833206230532843,0.7378725812259734,1.6417304932327712
2018-12-04,-3.2939073807227714,16.44,1.3675188935448526,1.4718054507683016,1.3609999013430398,1.1270159467364942,1.5005345407304018,0.8918956632664203,1.7194599182458425
2018-12-06,-0.1518558976265183,20.74,1.8673705708514983,2.034486673689001,3.2422030254412437,1.1270159467364942,1.5813842390004367,0.9492249534093363,1.9533185499623198
2018-12-07,-2.351013929708312,21.19,1.8540548266127426,1.913801086086298,2.610401011754113,1.1270159467364942,1.4340398629527724,0.8447452996059255,1.8425987687743515
2018-12-10,0.1895153187961185,23.23,2.098308866855078,2.1306090107820714,3.2068392756538637,1.1270159467364942,1.5813727799352149,0.9492168279606467,1.9506736196378327
2018-12-11,0.022715116910188016,22.64,1.8863428456568936,2.0049274334986507,2.5751100185472318,1.1270159467364942,1.4197603157530425,0.8346198900862934,1.8303017462805677
2018-12-12,0.502286659794482,21.76,1.8847957337828376,1.884662746080906,2.070230112327875,1.1270159467364942,1.1317695908560472,0.6304100515913521,1.6021076893379937
2018-12-13,-0.03389089613463625,21.46,1.850922504563849,1.7867204946325015,1.7023617709521301,1.1270159467364942,0.8741197887499859,0.44771449952053144,1.3332061645171003
2018-12-14,-1.8637589757092954,20.65,1.681561205217184,1.6795861805249999,1.377196936372901,1.1270159467364942,0.5833779698485022,0.2415539021511788,0.9106313672556837
2018-12-17,-1.981339175963015,21.63,1.8453006703097574,1.7872268608657176,1.8243157815741409,1.1270159467364942,1.5716851957116451,0.9423475094768348,1.8193580574934312
2018-12-18,-0.10970335944096021,24.52,2.0098278762103488,1.9155355450261224,2.2687725809076693,1.1270159467364942,1.5813040549909576,0.9491680961489803,1.9415418293302718
2018-12-19,-1.5088957287323623,25.58,1.9590685222343471,1.801325501948913,1.8322563888409522,3.4224118863197397,1.4291307665371804,0.8412643340764185,1.8178490722437162
2018-12-20,-1.641186418503704,25.58,2.064273016436772,1.8298519510431843,1.950966745179717,3.4224118863197397,1.5755221814322589,0.9450682576349367,1.907026896095133
2018-12-21,-2.070232787958659,28.38,2.053950300269546,1.8816704055974542,2.1277402504508682,3.4224118863197397,1.5805745683469774,0.9486508282758406,1.9354667282923572
2018-12-24,-2.67784916327809,30.11,2.091891916666984,2.025922009041952,2.5807039319316365,3.4224118863197397,1.5813485493668522,0.9491996464335202,1.949911279620025
2018-12-26,4.928983455161884,36.07,2.4278528736188556,2.3346192569755853,3.5022420317292253,3.4224118863197397,1.5813840898789784,0.9492248476695807,1.9531213277644133
2018-12-27,0.7648066309609014,30.41,3.5633675347340192,3.6522347756326266,7.251258091394375,3.4224118863197397,1.5813842393386686,0.9492249536491715,1.953379891863926
2018-12-28,-0.12907067436032094,29.96,3.4690817927693653,3.4681964400603746,5.882003059653054,3.4224118863197397,1.5020731219006274,0.8929866477500196,1.8651471800279624
2018-12-31,0.8720841276096181,28.34,3.4645022257675984,3.2611042079955417,4.709929643428914,3.4224118863197397,1.2870467078891379,0.7405146912551082,1.6805366067291483
2019-01-02,0.10396342392509084,25.42,3.2539523584910093,3.1110697990535265,3.8891184190471417,3.4224118863197397,1.264025018405399,0.7241903617370775,1.5895347685820271
2019-01-03,-2.4152199765270943,23.22,3.2521883605037325,2.925054114721169,3.1158913286991328,1.1270159467364942,0.9207520741937931,0.48078074317312086,1.2303846728813843
2019-01-04,3.294704334268239,25.45,3.512379543118782,3.0995481199388313,3.668723363684392,3.4224118863197397,1.5813465207674766,0.9491982079845875,1.9409907460382168
2019-01-07,0.785369604240227,21.38,3.946882432402204,3.5648798317572568,5.193427931323561,1.2602916900742291,1.8365175156213618,0.9595632788708998,2.1307694366040066
2019-01-08,0.9351606072180552,21.4,3.4595957458538473,3.3879953667676883,4.327625933648535,1.2602916900742291,1.75978480512682,0.9130926668514262,2.0562531418830403
2019-01-09,0.46625997505929107,20.47,3.50014170526568,3.2371871664391736,3.6697815656411015,1.2602916900742291,1.723327274090852,0.8910133766889748,1.9834313087073927
2019-01-10,0.35211641812979977,19.98,3.2472908417732875,3.0559998383133604,3.0245301795317316,1.2602916900742291,1.5043322610774121,0.7583863364299056,1.7804108649862256
2019-01-11,0.03866540797465845,19.5,3.2514846472903427,2.8800790063295523,2.4864083134456103,1.2602916900742291,1.1451851625524492,0.5408808506219943,1.4316802522313483
2019-01-14,-0.6119841009034843,18.19,3.2515312681111808,2.7073639667762097,2.03501731188861,1.2602916900742291,0.7442358706996568,0.2980592578346641,0.9391509216288801
2019-01-15,1.139566482216381,19.07,3.2573518705469504,2.5673936011551555,1.7564284412922286,1.2602916900742291,0.7061724571896573,0.27500741840451925,0.974085916150853
2019-01-16,0.24169202397263945,18.6,3.319135831239817,2.491266691129307,1.658173330386043,1.2602916900742291,1.0195926642846098,0.46481993446321596,1.1414541476650444
2019-01-17,0.7557679346599677,19.04,3.1565080938548196,2.345295591728668,1.3683608998794907,1.2602916900742291,0.6589043972359072,0.24638109123756516,0.7879816224626435
2019-01-18,1.3222351801359444,18.06,2.996769057705028,2.2388489664885594,1.216286968630308,1.2602916900742291,0.5898776726377495,0.20457735307815,0.7146385510167519
2019-01-22,-1.360237225211236,17.8,3.079448631253433,2.2094163807945937,1.2998978708933908,1.2602916900742291,1.1514033754133628,0.5446467042644845,0.8933747474948834
2019-01-23,0.20899829346303633,20.8,3.05913810690408,2.18786611647794,1.4582336017614346,1.2602916900742291,1.7588601172548195,0.9125326604205065,1.314789548238878
2019-01-24,0.05315136439234536,19.52,2.932956555779768,2.059214966689491,1.2042261912689713,1.2602916900742291,1.5123960739916422,0.7632699163128482,0.9242196475030787
2019-01-25,0.8425682523621525,18.89,2.7290023305987052,1.9358315727403275,0.9945675746708087,1.2602916900742291,1.115344861771482,0.5228090657052429,0.5901432143382128
2019-01-28,-0.7629135869714254,17.42,2.4213378124377263,1.8622769539692245,0.9368693046741796,1.2602916900742291,1.0693077149271926,0.49492820009139643,0.6452314811452243
2019-01-29,-0.13280602978307243,18.87,1.292154919100871,1.7854625652022074,0.9085855467267537,1.2602916900742291,1.1674013050110137,0.5543353178251923,0.6896656432631003
2019-01-30,1.5706660298809183,19.13,1.2651410266620604,1.6793930577828795,0.7624301804426877,1.2602916900742291,0.7931094658354395,0.32765792394347226,0.5180491581005979
2019-01-31,0.8744551283625945,17.66,1.3818235284926346,1.7266489809612198,1.0606251711584296,1.2602916900742291,1.6605419643338,0.8529895436790623,0.7905573043917877
2019-02-01,0.04813856145231554,16.57,1.3820207211541113,1.668930348394725,0.9999468080118004,1.2602916900742291,1.6118796934986348,0.8235188590988746,0.71415063312785
2019-02-04,0.7010795098747913,16.14,1.3816163843724194,1.5689335667569635,0.828860139008514,1.2602916900742291,1.2552122443530978,0.6075150904010843,0.5201297984079587
2019-02-05,0.4182942494319164,15.73,1.1272461436176928,1.5042883015015223,0.7649795167275429,1.2602916900742291,1.0736146101310522,0.4975365278141781,0.49808945332361504
2019-02-06,-0.13190993168654686,15.57,0.6186696402301636,1.4245292081578995,0.6609506439578344,1.2602916900742291,0.7420843457598058,0.29675625836956443,0.41826582022387215
2019-02-07,-0.9578233708261052,15.38,0.5901265361736446,1.3401014694730784,0.5614397049912535,1.2602916900742291,0.5030246009685844,0.1519776811751956,0.3478179514008706
2019-02-08,0.12206504730114531,16.37,0.5921694051454656,1.3147409178867346,0.6724205044988154,1.2602916900742291,0.7794457366491818,0.3193829411667475,0.5215533274482895
2019-02-11,0.0554228321424155,15.72,0.5825266199754819,1.2367504553598883,0.5635267159346705,1.2602916900742291,0.5045667875423114,0.15291165514102345,0.4245924012478622
2019-02-12,1.2777432303435532,15.97,0.5767687970424402,1.1627297294576562,0.4747135802749412,1.2602916900742291,0.37581434149993054,0.07493702179323802,0.3462684930736134
2019-02-13,0.3242045078446054,15.43,0.6544417850860084,1.1909236114515236,0.6775732309724023,1.2602916900742291,0.6683324975471431,0.25209090637142884,0.5207085454736137
2019-02-14,-0.22207888134122555,15.65,0.6416124528549664,1.1257747085388379,0.579353699831245,1.2602916900742291,0.46155806557761775,0.12686485425267413,0.4417151942315737
2019-02-15,1.0838282135240185,16.22,0.5821223224810022,1.0611873677987738,0.5036515643405073,1.2602916900742291,0.37294350552657873,0.07319839554337203,0.38794135596131024
2019-02-19,0.1729208450655051,14.91,0.6352779682895106,1.0679971415166873,0.6198193660593355,0.2597543252720508,0.48909992128952406,0.14354466241838934,0.48478181158387584
2019-02-20,0.2013269366859305,14.88,0.6095025610322712,1.005711410145176,0.5223268216334422,0.2597543252720508,0.3697825174040258,0.0712840483022203,0.412384981990014
2019-02-21,-0.35621738356086396,14.02,0.528180021215424,0.9478006776625859,0.4444756210910538,0.2597543252720508,0.32343575278090736,0.04321567298642853,0.3478253402140429
2019-02-22,0.6180968774176065,14.46,0.446115521953547,0.8985460864638876,0.4124130515178103,0.2597543252720508,0.31693493721157884,0.03927867042017742,0.3433422862069119
2019-02-25,0.13600221810534663,13.51,0.4622280678203533,0.867555946268458,0.408644418618201,0.2597543252720508,0.3166838039781065,0.0391265799364362,0.3635785137365781
2019-02-26,-0.07154384743079945,14.85,0.4629743314295347,0.8166123856921249,0.3498166218570455,0.2597543252720508,0.3035965539750227,0.03120072258856597,0.30172132957085873
2019-02-27,-0.042977837562396815,15.17,0.42941229629699124,0.7679227538769094,0.30507634331849415,1.2602916900742291,0.2999310529570811,0.028980833905318353,0.2666268284285767
2019-02-28,-0.18644694363540992,14.7,0.40178419883679756,0.7219582143155873,0.2673996675792954,0.2597543252720508,0.29830157981905997,0.027993997737208322,0.2444026590808701
2019-03-01,0.6224334263364995,14.78,0.40259967603890456,0.6807264692241112,0.24685088689198803,0.2597543252720508,0.2996220943108402,0.02879372338508538,0.2418111435404834
2019-03-04,-0.3644057716617688,13.57,0.30357260902933825,0.6631282832839241,0.2752129014923479,0.2597543252720508,0.3073138379076913,0.03345197187049452,0.2874277338209216
2019-03-05,-0.13608518443311013,14.63,0.2734830754531843,0.6313080802721133,0.2764101017932116,0.2597543252720508,0.3091111433805753,0.03454045010582037,0.2962493974880304
2019-03-06,-0.6075361606147744,14.74,0.2742545924209698,0.5945407461011181,0.24975954653603938,0.2597543252720508,0.3029663242290808,0.03081904492048884,0.2624957750057032
2019-03-07,-0.8400601901883853,15.74,0.26842543562517285,0.5810143125223234,0.30679404994766085,1.2602916900742291,0.3233883425482422,0.043186960557091245,0.3713022500328068
2019-03-08,-0.20019250429044178,16.59,0.29369834248381743,0.5884955211593447,0.4227426395061439,1.2602916900742291,0.39396437616213564,0.08592898615226223,0.5536095771743691
2019-03-11,1.4396992377014861,16.05,0.2947781905169854,0.5555904122162286,0.374258216603774,1.2602916900742291,0.34043560906219594,0.05351107009338679,0.44818015652811305
2019-03-12,0.37639755593303903,14.33,0.34979287077115484,0.6466190211855494,0.6747846808531799,0.2597543252720508,0.7819830576960044,0.32091958520259356,0.6149076783916841
2019-03-13,0.6597594017279995,13.77,0.35582978716828506,0.6163223871211583,0.5826023048180183,0.2597543252720508,0.5322151881537583,0.16965598867873832,0.49486387514236974
2019-03-14,-0.06398325126601989,13.41,0.3764112527799899,0.6054599919839981,0.5556656505536083,0.2597543252720508,0.45531445342280974,0.12308361837326667,0.4670547993104438
2019-03-15,0.4927693149319623,13.5,0.29886201914921806,0.5693780238515124,0.4717005738740199,0.2597543252720508,0.3591119703024531,0.06482178662533122,0.3842379215704864
2019-03-18,0.3619617425461463,12.88,0.30541978271263487,0.5497846382847326,0.4338154486646578,0.2597543252720508,0.3299839614132604,0.047181377583795654,0.3602530230722842
2019-03-19,0.02477391852648836,13.1,0.3093101290711716,0.5246585381716711,0.385461551173727,0.2597543252720508,0.31159729723096236,0.0360461064322742,0.3190759196703197
2019-03-20,-0.301393338104905,13.56,0.2534020410049093,0.4932158507037202,0.33058862149838364,0.2597543252720508,0.3019875070792004,0.030226256894144626,0.27262810049544245
2019-03-21,1.12310221188201,13.91,0.25630377079518785,0.469073176316738,0.31175185340372863,0.2597543252720508,0.30408778002692305,0.03149821729616326,0.27600509022145037
2019-03-22,-1.9434061917055878,13.63,0.31443834426656514,0.5166103004377895,0.479425586414881,0.2597543252720508,0.3870573750985601,0.08174599086153364,0.5368990395925775
2019-03-25,-0.07522786514231328,16.48,0.48824485862888267,0.7122233399690993,1.1714496016316782,1.2602916900742291,1.8078195844058988,0.9421833320570807,1.3568756604721641
2019-03-26,0.7426528755348549,16.33,0.4703217863346196,0.6698294934725855,0.9719192270582849,1.2602916900742291,1.619297756523642,0.8280113620555586,0.9756613263965057
2019-03-27,-0.5242977465498733,14.68,0.4957044858684584,0.6627317214766416,0.8912700424571769,0.2597543252720508,1.4937890637885378,0.752001199928167,0.8546255520780479
2019-03-28,0.3783898556997123,15.15,0.5085506575318904,0.6394611058102796,0.8073089560493091,1.2602916900742291,1.3472406826906618,0.6632490508617561,0.7510675584321591
2019-03-29,0.6285038150919853,14.43,0.5152807426926005,0.6096841724354498,0.6903583980547473,0.2597543252720508,0.9741201827528456,0.43728103960069714,0.5462818898125539
2019-04-01,1.178968796468105,13.71,0.5324357228256573,0.5968041448244337,0.6363298753358326,0.2597543252720508,0.7650040240048221,0.31063679860424154,0.4944649658654131
2019-04-02,0.04897092675424375,13.4,0.5801759158172982,0.6443939415176948,0.7655524161817463,0.2597543252720508,1.1434214037889354,0.5398126888345773,0.6134429185561485
2019-04-03,0.15724262290541802,13.36,0.5739667055909533,0.6058741941266632,0.6386742184271963,0.2597543252720508,0.7421243642613837,0.29678049424300673,0.47409213419291907
2019-04-04,0.26499280487817245,13.74,0.5742622324974287,0.5710052570265539,0.5370650430605283,0.2597543252720508,0.4858234591632657,0.1415603821905107,0.3729380832380428
2019-04-05,0.4828494890838364,13.58,0.5600298991727934,0.5409582128031928,0.4603425770373737,0.2597543252720508,0.3715682896121598,0.07236554179964153,0.3117332844898137
2019-04-08,0.07620481310643967,12.82,0.5375271613618019,0.5224893377815125,0.4160533863797122,0.26438776422639804,0.3395041225662929,0.04686953429578145,0.3151790748205109
2019-04-09,-0.5137976125432431,13.18,0.5358952630173499,0.491488407927057,0.35636830103873884,0.26438776422639804,0.32052522975343944,0.03513680820427958,0.26946083880504834
2019-04-10,0.34052186540689533,14.28,0.4497645054752974,0.4778383826507418,0.3711415937542728,0.26438776422639804,0.33208543360677156,0.04228331072739895,0.33460992564988556
2019-04-11,-0.02774680544170849,13.3,0.4485397445566224,0.45612538814090875,0.3327619505517806,0.26438776422639804,0.31986808591928967,0.03473056276705486,0.29273564450814465
2019-04-12,0.6743104992770199,13.02,0.4278486691777525,0.4288040579651874,0.29075976659279484,0.26438776422639804,0.3140690350549202,0.031145597297612154,0.2572640641387065
2019-04-15,-0.06553475175605783,12.01,0.44930584979645033,0.4303574934533896,0.32010828451843343,0.26438776422639804,0.3232494672738502,0.03682092818695449,0.3215169603888391
2019-04-16,0.06553475175605783,12.32,0.4379474310321271,0.4047937320674499,0.28217624117088874,0.26438776422639804,0.3157667133021141,0.032195099713914196,0.2727703450731974
2019-04-17,-0.24499779305484637,12.18,0.4319130739188264,0.38076379636466656,0.2478265899030025,0.26438776422639804,0.3119954166420282,0.02986368917490653,0.24436404910289697
2019-04-18,0.19673420155097432,12.6,0.43474212970752096,0.3615194036988913,0.23862762242159474,0.26438776422639804,0.3146614201840011,0.03151180899018673,0.24910885344699402
2019-04-22,0.08614686606911448,12.09,0.432259577412563,0.34215050024055177,0.2151837176263169,0.26438776422639804,0.31171926231214514,0.029692970938418814,0.234245532598853
2019-04-23,0.8951314700950341,12.42,0.372548277612528,0.32206674717813044,0.1935079474361207,0.26438776422639804,0.31050354951318204,0.028941418916031747,0.22609700108931063
2019-04-24,-0.22216478129850614,12.28,0.23085459774561765,0.35081836327271243,0.2982951141403347,0.26438776422639804,0.3383290128218765,0.04614308302727772,0.4122262360653201
2019-04-25,-0.06164274432327588,13.14,0.23293545290540546,0.33273069287931445,0.27698406671204284,0.26438776422639804,0.32550794078962036,0.038217113486420255,0.3411566804141697
2019-04-26,0.46464052498844666,13.25,0.2068529069238586,0.31299484098221786,0.24701078677778363,0.26438776422639804,0.3165686613184456,0.03269086290242162,0.2817287286802916
2019-04-29,0.15664169234455017,12.73,0.20404351122977593,0.30716859957097714,0.2469002760537305,0.26438776422639804,0.3163477477148981,0.03255429440889215,0.28042609181346156
2019-04-30,0.051012968755603794,13.11,0.19839387965282906,0.2902106807835524,0.22041094757706836,0.26438776422639804,0.3121760274992736,0.02997534256470681,0.24872226045560275
2019-05-01,-0.754544664857093,13.12,0.1797074642907376,0.2729541793154148,0.19783190305176007,0.26438776422639804,0.31076031566512774,0.029100151406912737,0.23321992109703973
2019-05-02,-0.2160811326320733,14.8,0.14062985611068288,0.2907371876323481,0.30477644430156786,0.26438776422639804,0.3510667314958987,0.05401752363382861,0.4461166987416847
2019-05-03,0.9740072090133722,14.42,0.14273904202555862,0.2760944197271808,0.2815875747508762,0.26438776422639804,0.3308462444069356,0.04151724562546764,0.36073305722839644
2019-05-06,-0.4123319540803472,12.87,0.18673736587088446,0.31645015713615116,0.39439784641386433,0.26438776422639804,0.3724538214821448,0.06723899398920072,0.523193049379669
2019-05-07,-1.6841137187452837,15.44,0.1914895779527186,0.3076642061293251,0.3820904520540958,1.1943044639345533,0.3550117629274986,0.05645633677565633,0.4762492373983177
2019-05-08,-0.13897297861324986,19.32,0.3154465012173637,0.4593786948215298,0.8923782733980997,1.1943044639345533,1.5609915282269862,0.8019914108011454,0.8964550746644373
2019-05-09,-0.3030511456862506,19.4,0.316089659086128,0.43297478245931637,0.7509668084030532,1.1943044639345533,1.2352571850851857,0.600622876589828,0.6565019961311582
2019-05-10,0.5011095712800895,19.1,0.30789213576453817,0.4125066953258623,0.6539986880099621,1.1943044639345533,0.9364055292767659,0.4158731836458176,0.5268793542874431
2019-05-13,-2.54515912958464,16.04,0.3143281196506488,0.40282294175202144,0.5823329427385218,1.1943044639345533,0.6726310438066513,0.25280815037624094,0.44733676201825123
2019-05-14,0.9002674369329888,20.55,0.6227597915409261,0.767323664941383,1.7413455814452905,1.1943044639345533,1.8041917487731105,0.9523374610790648,1.977752757120226
2019-05-15,0.5840797510291651,18.06,0.6397020205202912,0.7699131325250137,1.5549486018362555,1.1943044639345533,1.7345565490076296,0.9092890739454339,1.8724714626962529
2019-05-16,0.9218264305312474,16.44,0.6557427039428895,0.7441872939072504,1.3270173945610344,1.1943044639345533,1.5649831910302547,0.8044590513944191,1.6436781553975586
2019-05-17,-0.6486083845681279,15.29,0.6960031403399491,0.7505218943543742,1.2255380933968223,1.1943044639345533,1.530080215740773,0.7828820788656208,1.5388791984889507
2019-05-20,-0.6633703856957496,15.96,0.713177850717584,0.7307321508850364,1.1081606470139271,1.1943044639345533,1.471700768618339,0.7467919829250954,1.4364486733499509
2019-05-21,0.8975554110028483,16.31,0.732290037506071,0.7132918379490218,1.0169118307785023,1.1943044639345533,1.427655822826896,0.7195634564888185,1.3480963011501024
2019-05-22,-0.3076600116083128,14.95,0.7702988200435453,0.7188306706213101,0.9667041276804555,0.26438776422639804,1.3887315188872655,0.6955005039799789,1.22133839720105
2019-05-23,-1.2293863293446172,14.75,0.7366509311858469,0.6813801113486011,0.8295751655400547,0.26438776422639804,1.0957889255358382,0.5144037855244756,0.9416265032741886
2019-05-24,0.22660304977097923,16.92,0.8062715767444191,0.7311807494744509,1.001570244524977,1.1943044639345533,1.6407897171447021,0.8513225442029528,1.338117051585598
2019-05-28,-0.9344093628702588,15.85,0.8085358202795527,0.6903908410359144,0.8353247355054275,1.1943044639345533,1.3231900982080689,0.6549828855888726,0.9500631134072257
2019-05-29,-0.6733530430561352,17.5,0.8398324888489842,0.7013546420189357,0.8819446234397237,1.1943044639345533,1.5284991688202005,0.7819046777790661,1.1209134440531305
2019-05-30,0.2727678149657464,17.9,0.8602547603162412,0.686477622733377,0.8361800630783632,1.1943044639345533,1.486796185467265,0.7561239493823558,1.045747350926922
2019-05-31,-1.3566945844031508,17.3,0.8636738059305235,0.6497531022222456,0.7041449291449422,1.1943044639345533,1.1123475765223985,0.5246403213638325,0.7264662349564449
2019-06-03,-0.25460918298891855,18.71,0.9242110699345487,0.7212051278098411,0.9632898304702047,1.1943044639345533,1.7139994586773524,0.8965807082645837,1.2214776554424311
2019-06-04,2.147408161551212,18.86,0.925074630895631,0.6818223703049877,0.8199222723566391,1.1943044639345533,1.5022702750325392,0.7656900108051682,0.9233125666748573
2019-06-05,0.8624748066298871,16.97,1.0994875722807136,0.917594736824494,1.4656133624027494,1.1943044639345533,1.8030825919214772,0.9516517818004552,1.8414715692839836
2019-06-06,0.6481829179944221,16.09,1.1268135318862158,0.9071708201393,1.3202686576905065,1.1943044639345533,1.7266675065130705,0.9044120784523042,1.7029105890865075
2019-06-07,0.9957360172579754,15.93,1.0117612498630582,0.8779490366417277,1.1493445764628936,1.1943044639345533,1.5749854891912414,0.8106424587072477,1.4566942356176202
2019-06-10,0.4578283103160885,16.3,1.058055379733541,0.8847615074071106,1.1052443371295693,1.1943044639345533,1.5818296681402992,0.8148735209574193,1.394150347592227
2019-06-11,-0.024228269064074937,15.94,1.0636633209156903,0.844252222666297,0.9418699100913663,1.1943044639345533,1.2944525072855813,0.6372173454096886,1.0529608426484498
2019-06-12,-0.17666897725661102,15.99,1.0517336164677535,0.7936323098476296,0.7845454175531038,1.1943044639345533,0.8968722204795239,0.39143374515050827,0.6973693868289763
2019-06-13,0.4117744951063429,15.91,0.7447515656399846,0.7478870869082656,0.6667260804244585,1.1943044639345533,0.616830184817087,0.21831213416228765,0.48650996062423435
2019-06-14,-0.11056211568361007,15.82,0.7142314121551366,0.7131873557829745,0.5802533241199539,1.1943044639345533,0.45379792288294585,0.11752580841541363,0.3805034860886116
2019-06-17,0.03804819739166021,15.28,0.6985683086247624,0.6711295533214622,0.4958007856615094,1.1943044639345533,0.36999680469439433,0.06572006950518791,0.30378068528511937
2019-06-18,1.0416297515745576,15.35,0.6581722942104183,0.6309486400416597,0.42128587205959694,1.1943044639345533,0.33204549534181627,0.04225862094554968,0.2579971704781385
2019-06-19,0.22548647720119774,15.15,0.6898056133929515,0.6581912740010767,0.5306397564693756,1.1943044639345533,0.3907759254038385,0.0785656940687584,0.5179052572451309
2019-06-20,0.9508728594726179,14.33,0.6712715125730696,0.6217504466450484,0.45339385012533573,0.26438776422639804,0.34037182149492223,0.047405944610117684,0.4017794877837696
2019-06-21,-0.1454908048274639,14.75,0.6759645353855048,0.6386949715392435,0.5262390672355597,0.26438776422639804,0.37805508213494576,0.0707016858150333,0.502713415631069
2019-06-24,-0.1224946952398831,15.4,0.6724651492686723,0.6016433277042494,0.45458685815544714,1.1943044639345533,0.3395297989912901,0.046885407427289735,0.4243010423117554
2019-06-25,-0.9856651656708237,15.26,0.6012086827726,0.5664450250637091,0.39473322830827334,1.1943044639345533,0.32310469786908824,0.036731431935026045,0.3595558773407841
2019-06-26,-0.09973405857248707,16.28,0.6450271054702849,0.5907504726889001,0.5439985664261641,1.1943044639345533,0.4414091415086717,0.10986708037973934,0.5208271368032623
2019-06-27,0.353958804326826,16.21,0.6039235828521772,0.5559022572739265,0.465691158451534,1.1943044639345533,0.3641319830050881,0.062094444599949644,0.44070344199299244
2019-06-28,0.5132379277077881,15.82,0.5882989406887257,0.5300653319471195,0.4107613954807624,1.1943044639345533,0.3329815584745352,0.042837293919196856,0.38389973312587056
2019-07-01,0.9037471909974393,15.08,0.5972994592390399,0.5140662022565594,0.38700343905673207,1.1943044639345533,0.3253735828330584,0.03813405357781023,0.36993511813226826
2019-07-02,0.2600990070919629,14.06,0.5485441635193696,0.5322277692353116,0.4577830123490204,0.26438776422639804,0.35377969570222867,0.05569467446885318,0.46050855301631555
2019-07-03,0.7963361515919587,12.93,0.5486787186349859,0.5043531926906063,0.39642719758195766,0.26438776422639804,0.326783478574298,0.03900564923476738,0.39560664714774874
2019-07-05,-0.11384998517387501,12.57,0.3592877402557256,0.5121410771091074,0.4351213339761183,0.26438776422639804,0.3412455810922033,0.04794610162168883,0.4433852064587485
2019-07-08,-0.5509718534077557,13.28,0.3244829320201461,0.4821903216300064,0.37834012578965015,0.26438776422639804,0.3235878654821544,0.037030125505630486,0.38444357782352334
2019-07-09,0.12452377545795201,13.96,0.318931926690042,0.47147310132706066,0.3990725913983294,0.2642917330158321,0.33722532365561214,0.051467446608802536,0.3547860598658866
2019-07-10,0.4767173555990212,14.09,0.27245649595621,0.44411508548669515,0.3446163658348889,0.2642917330158321,0.3175447520501571,0.0386342747739804,0.34828047153716524
2019-07-11,0.23412434012861638,13.03,0.27329709954680237,0.4311037465852528,0.32833557265492247,0.2642917330158321,0.31537823254840186,0.037221545631407546,0.33515305591854805
2019-07-12,0.44669820924898573,12.93,0.2758793470524603,0.40852637418857723,0.2910365403314599,0.2642917330158321,0.3100166252719065,0.03372538561789318,0.3365101018467362
2019-07-15,0.033252785875159674,12.39,0.28389493574871527,0.39598714914603766,0.2806067564927101,0.2642917330158321,0.3112455926442363,0.03452676221328268,0.3275289845710468
2019-07-16,-0.3230455436671775,12.68,0.27587338874625694,0.372294265063383,0.24808872838703722,0.2642917330158321,0.308320437222219,0.03261934697520573,0.34352637999037616
2019-07-17,-0.6828165265966746,12.86,0.2802607431204849,0.3562181145565733,0.2496111665259896,0.2642917330158321,0.3140057196097647,0.03632656682997047,0.34723424007441217
2019-07-18,0.3654595013980355,13.97,0.30239363567614164,0.3628193322227918,0.3248668705090361,0.2642917330158321,0.3475288872527753,0.058186123525521834,0.36871034411927917
2019-07-19,-0.5571171740187175,13.53,0.2570873550950382,0.3490638111191503,0.29863509605903127,0.2642917330158321,0.32474988063108906,0.04333254548606977,0.34471347920972967
2019-07-22,0.24539255230395796,14.45,0.2694461833896094,0.3467427551871974,0.33369304053058224,0.2642917330158321,0.3403552520269618,0.053508388783931285,0.35096088444075574
2019-07-23,0.7124396339392547,13.53,0.2292584838584007,0.32955124015954057,0.2960521241122889,0.2642917330158321,0.3194797806899512,0.0398960549467116,0.34170164667936964
2019-07-24,0.46884326582272706,12.61,0.2524205151783129,0.34023237967041814,0.3321837723532259,0.2642917330158321,0.3285020187806423,0.045779213935875446,0.33455981294490167
2019-07-25,-0.47883849014676017,12.07,0.26217332744238,0.33300727736463226,0.3171053374327958,0.2642917330158321,0.32001488751407653,0.04024498372589824,0.32333068265848036
2019-07-26,0.6677613667676496,12.74,0.22682811224376742,0.3267840187015161,0.3322072861550279,0.2642917330158321,0.3294289102056105,0.04638361492418533,0.3272630089987031
2019-07-29,-0.18224615365296515,12.16,0.24758803417272263,0.3339312921562691,0.35187950083442543,0.2642917330158321,0.33124447864158274,0.047567498308459244,0.3200178377784547
2019-07-30,-0.24582626178473177,12.83,0.24320359728514282,0.3158882342581709,0.3176578328285002,0.2642917330158321,0.31968652795934077,0.04003086928481352,0.33890411003622123
2019-07-31,-1.1000525535653338,13.94,0.23353775826348905,0.30056077326166397,0.29635434875771605,0.2642917330158321,0.316669639088721,0.03806363713021009,0.34623374248663946
2019-08-01,-0.8745988613973132,16.12,0.25226902661443423,0.35513406410230086,0.506329465939785,1.159027061335726,0.5181113239261862,0.16941834613158524,0.474340452764781
2019-08-02,-0.7557879573542259,17.87,0.285472439703351,0.3797214103576115,0.5921053145140551,1.159027061335726,0.708810332530164,0.2937680446671063,0.6127562557096116
2019-08-05,-3.053453408853901,17.61,0.2824754954247502,0.3912110519250552,0.6243175921033359,1.159027061335726,0.8125823961320724,0.36143501850074516,0.7307816686384871
2019-08-06,1.3925236123171203,24.59,0.7258381573731987,0.927153052012043,2.26705559138146,1.159027061335726,1.7174113347668274,0.9514496523948633,1.9087081989086836
2019-08-07,0.05908495469988395,20.17,0.8037215872595388,0.9878711895429638,2.1725836890684924,1.159027061335726,1.7053949573045213,0.9436140955880116,1.8713754172981323
2019-08-08,1.9429951783698662,19.49,0.8031494377937095,0.9288083800826992,1.7881046858410445,1.159027061335726,1.5201474994841297,0.8228192068097756,1.6510306482731596
2019-08-09,-0.6834801129112833,16.91,0.9721004295098632,1.0995936930678503,2.093785294371287,1.159027061335726,1.7146970976195248,0.9496797712953664,1.8808995506813362
2019-08-12,-1.2247983431496579,17.97,0.991735232276747,1.0616467753684926,1.8264215342654389,1.159027061335726,1.653318937309126,0.9096567224754694,1.817856328091403
2019-08-13,1.543190518381632,21.09,1.0536681699546466,1.087955827729312,1.806867261623219,1.159027061335726,1.7006535501417088,0.9405223514009493,1.870033085251756
2019-08-14,-3.0013389882817876,17.52,1.1670172760620043,1.1655646966269315,1.8723955786557314,1.159027061335726,1.7099872387302553,0.9466085988896317,1.873743866644244
2019-08-15,0.2638236194383303,22.1,1.5910019093618675,1.6361129581841367,3.225692666339089,1.159027061335726,1.717411522136705,0.951449774573725,1.9088189494140102
2019-08-16,1.4646813202207731,21.18,1.5721145042752005,1.542122354823501,2.6516484589276157,1.159027061335726,1.5498145931427436,0.8421643212908625,1.7557691922637975
2019-08-19,1.1976023466797159,18.47,1.66791120535337,1.5783124957223111,2.520342085356258,1.159027061335726,1.6859654669416162,0.9309446470837278,1.8275857499698782
2019-08-20,-0.7692050255480254,16.88,1.7214289117908064,1.5696688288253382,2.294420752106302,1.159027061335726,1.6796705745654625,0.9268399169384661,1.8049005564340856
2019-08-21,0.8102401424374683,17.5,1.7467364768670965,1.5109892813755181,2.014200698609019,1.159027061335726,1.6435870946875648,0.9033108494421209,1.7850636297673108
2019-08-22,-0.03078924611710221,15.8,1.7538278509818388,1.4597192697980124,1.754752475705069,1.159027061335726,1.5561115897105,0.8462704235229188,1.6782430130873136
2019-08-23,-2.6022868285639156,16.68,1.7434056590660838,1.3721929922707192,1.4499259716227055,1.159027061335726,1.259864949580313,0.6530959510281449,1.2382643557171369
2019-08-26,1.0997546413235249,19.87,2.054958537088522,1.696175217021511,2.4738466999000917,1.159027061335726,1.7174057002363408,0.9514459782689592,1.9082700423238885
2019-08-27,-0.3931416261104381,19.32,2.091318300334486,1.6669723202669784,2.219303434398172,1.159027061335726,1.6806658103396177,0.9274888834401481,1.8388555234544035
2019-08-28,0.7017019249857093,20.31,2.0970967135563647,1.5762276013418053,1.8652281540262206,1.159027061335726,1.5486726711373164,0.8414197046399137,1.710361701427675
2019-08-29,1.2692422096188594,19.35,2.117666001201393,1.511197080753016,1.6072732009081818,1.159027061335726,1.4012600820059533,0.7452959169337448,1.572510102775056
2019-08-30,-0.04448107513663757,17.88,2.1367545805381813,1.517183803108525,1.5805144422265232,1.159027061335726,1.5934836559794852,0.8706397435745431,1.6782677293796353
2019-09-03,-0.5864247762369601,18.98,2.1004238851899832,1.4262714888847319,1.3086298719434435,1.159027061335726,1.3221223257776997,0.6936923128992998,1.2415690283916825
2019-09-04,1.1286226011804956,19.66,2.0895990557472635,1.361328840642722,1.1626941747021653,1.159027061335726,1.2388030662161018,0.6393620629177517,1.2520067300136515
2019-09-05,1.2773728534443585,17.33,1.7062757822164984,1.3560764487578842,1.1625108783003497,1.159027061335726,1.4187435881432897,0.7566964414222416,1.3609340624151682
2019-09-06,0.07719915318773474,16.27,1.691635753447729,1.372612746235406,1.2218817306933647,1.159027061335726,1.6036397061142784,0.8772622309268284,1.5461903464980786
2019-09-09,0.05030431602532914,15.0,1.6917533095134918,1.290613564016456,1.0140681744319395,1.159027061335726,1.3268195551412083,0.6967552499307003,1.0548900025975412
2019-09-10,-0.023455529095084415,15.27,1.5121009409916932,1.2133285816281152,0.8450036677562286,1.159027061335726,0.9489706892164194,0.45037015902910055,0.6250791523284267
2019-09-11,0.7085967254558234,15.2,1.489882136091689,1.140561876441136,0.7090134450556979,1.159027061335726,0.6310939257075341,0.24309126438175585,0.43401309895202655
2019-09-12,0.34574425824152044,14.61,1.4423572950414303,1.1022547230142707,0.6675175550921606,0.2642917330158321,0.5429191362662094,0.1855948538564571,0.41026193051369914
2019-09-13,-0.06641988205577931,14.22,1.3346478719978117,1.0432917851598331,0.5756379064419372,0.2642917330158321,0.4098635614242423,0.09883288932821602,0.36585883275245734
2019-09-16,-0.30934750211883966,13.74,0.9059038661955243,0.9809589740941813,0.4915685237049358,0.2642917330158321,0.34846773826493416,0.058798323039228634,0.3551286256769831
2019-09-17,0.25290543973550683,14.67,0.9071463888095063,0.9278431882725604,0.44592281759997504,0.2642917330158321,0.3334318310763036,0.048993812046740526,0.3533561031289508
2019-09-18,0.05975060043743596,14.44,0.8080354265068466,0.8760102666630754,0.38788150571503854,0.2642917330158321,0.31695308848063064,0.03824846686106226,0.3439379199042204
2019-09-19,-0.006594677399984761,13.95,0.7399077481011259,0.8236638587184488,0.33514220452975096,0.2642917330158321,0.3102695850102429,0.03389033386504993,0.348375792207001
2019-09-20,-0.4735887344541112,14.05,0.7117347537412057,0.7742466365815424,0.2933788228967279,0.2642917330158321,0.3082355691898812,0.032564006812119586,0.3514483913080137
2019-09-23,-0.02349976940774212,15.32,0.691153668073813,0.7412490157507605,0.3118608726283726,1.159027061335726,0.3213734977590777,0.041130896954445766,0.3560798594988613
2019-09-24,-0.7877488827162438,14.91,0.6911348233826587,0.6968072091554479,0.2749737755129486,0.2642917330158321,0.3125417756517871,0.03537196831800096,0.35187060689264515
2019-09-25,0.5897041202042708,17.05,0.3982134692923467,0.6922316747393625,0.3757619944706391,1.159027061335726,0.36543358406651966,0.069861295134739,0.39627287409979384
2019-09-26,-0.20852159603581555,15.96,0.3571796920672638,0.6715628312181543,0.37202472988648055,1.159027061335726,0.34519124164647874,0.05666180764913718,0.36603825317369465
2019-09-27,-0.5401967382074879,16.07,0.35189021196405257,0.6338779367058645,0.3365941485531883,1.159027061335726,0.3266911208068989,0.04459837603450384,0.3546522295967198
2019-09-30,0.46272849940534044,17.22,0.3423391131279268,0.6133540114617131,0.3608403438154603,1.159027061335726,0.3399206070097187,0.053224968449133485,0.3629907946141639
2019-10-01,-1.1966195332740348,16.24,0.27582205967477225,0.5893998306237254,0.3395894322089674,1.159027061335726,0.3248884936052402,0.04342293128133422,0.34089066705747584
2019-10-02,-1.7822436834205035,18.56,0.343913475930375,0.6399497392310801,0.5835296626612689,1.159027061335726,0.6466571085414078,0.25323959765214193,0.48758368519141493
2019-10-03,0.8159308734604132,20.56,0.4787943582593139,0.7921363077027525,1.1077857689984798,1.159027061335726,1.6954879315921403,0.9371539903691293,1.6333989445628665
2019-10-04,1.3441358722063868,19.12,0.4498397970388589,0.7845527206565397,1.0183126223899932,1.159027061335726,1.6132238655971882,0.8835118037543996,1.531168242444954
2019-10-07,-0.43237976166530245,17.04,0.45817407495483214,0.8458816319942688,1.2041118886471818,1.1868979270883606,1.6698304836525641,0.9275933558516057,1.7002604799421432
2019-10-08,-1.5646710580053735,17.86,0.46679276776649126,0.8063458695724772,1.028058749588351,1.1868979270883606,1.547949684430541,0.8477657319156973,1.5722949821003926
2019-10-09,0.9451140637673383,20.28,0.5832530056497712,0.904856848583708,1.3759294067149601,1.1868979270883606,1.6995727016681357,0.9470734594439839,1.8462174758819856
2019-10-10,0.6741136936570413,18.64,0.6257620738252798,0.9041598732805343,1.2632197180769673,1.1868979270883606,1.642400540471451,0.909627710706332,1.7580975381540944
2019-10-11,1.0313375247301693,17.57,0.6234915953800049,0.8771760372022586,1.0945040974123579,1.1868979270883606,1.5122867233246897,0.824407750463567,1.6139708999159668
2019-10-14,-0.11140743836959288,15.58,0.6684495952756988,0.8883649003651162,1.0719888495243144,1.1868979270883606,1.5371604914961245,0.8406991911509651,1.5939353999700303
2019-10-15,0.9851598125605321,14.57,0.6688305484467355,0.8358077033826536,0.8787551725304048,0.2625881398795253,1.2527021819483286,0.6543890331525706,1.1675539382890907
2019-10-16,-0.16072326768883372,13.54,0.7104897855523136,0.8438916325567527,0.8840399033953023,0.2625881398795253,1.3119319641716598,0.6931824510765605,1.1894172851261362
2019-10-17,0.294437860284269,13.68,0.7086741097108262,0.794808052729942,0.7342221038174825,0.2625881398795253,0.9803630686598985,0.4760165211785986,0.775990499312705
2019-10-18,-0.43864328878600034,13.79,0.7126323725354046,0.7523211887802722,0.6139208685462647,0.2625881398795253,0.6585241738608599,0.2652233985049842,0.5578024985088119
2019-10-21,0.6756127316669414,14.25,0.7217925842033563,0.7187263935412758,0.5623119362634919,0.2625881398795253,0.5535350961946743,0.19645925630366068,0.5147316900378109
2019-10-22,-0.32722438000778453,14.0,0.7328481210504334,0.7029899637202272,0.5402203882259162,0.2625881398795253,0.4793661313764853,0.1478812007853622,0.460749159658612
2019-10-23,0.29057653407535966,14.46,0.7379206713223031,0.6672351135893022,0.4835045719182259,0.2625881398795253,0.40694269826647445,0.1004464069592916,0.4116377876253412
2019-10-24,0.16323200449157582,14.01,0.7123914532239487,0.632267090103259,0.41518900100027084,0.2625881398795253,0.34800197974485514,0.06184231556270447,0.3680072253064563
2019-10-25,0.4086794423523443,13.71,0.6971006788384461,0.5959297459344837,0.35346068642222,0.2625881398795253,0.32292206064656254,0.045415853290542485,0.35595897239370794
2019-10-28,0.5620761747459291,12.65,0.7029834231521651,0.5701950943745001,0.32519617874612283,0.2625881398795253,0.3174333472962883,0.041820939669902885,0.33776879879537663
2019-10-29,-0.029684645076333283,13.11,0.7041318569734513,0.5549391662850511,0.3279373272011285,0.2625881398795253,0.3206758427185028,0.04394465978685855,0.3230536101650946
2019-10-30,0.306232213256763,13.2,0.6939777385920889,0.5216956869971465,0.28516368836726136,0.2625881398795253,0.31374637090778135,0.03940610019985512,0.34902042274306777
2019-10-31,-0.26666205717900127,12.33,0.6302577319741444,0.4960206358834858,0.25962861473891563,0.2625881398795253,0.31165013585801526,0.038033140190549874,0.3406679031188247
2019-11-01,0.9221253775579363,13.22,0.48238707033827066,0.4705259168948129,0.25241534708271574,0.2625881398795253,0.3155402521260599,0.0405810291155867,0.3491588760671769
2019-11-04,0.4009482717622248,12.3,0.4911762142273418,0.4933132745973061,0.36627276971549194,0.2625881398795253,0.35459483817642135,0.06616040526097627,0.3536282244092221
2019-11-05,-0.11065921306485649,12.83,0.4127980367833937,0.4733600491192146,0.3343185343000214,0.2625881398795253,0.3304888720586851,0.05037184783321459,0.3341507412928046
2019-11-06,0.022824770884799506,13.1,0.4044786655042694,0.4456931738582297,0.294965318131698,0.2625881398795253,0.31896613148981506,0.042824859245068,0.3518310709779044
2019-11-07,0.3510071532473624,12.62,0.2879227345712355,0.4189828416366925,0.2573934376557576,0.2625881398795253,0.3125818332964681,0.03864336914550919,0.3578229562897573
2019-11-08,0.24631464327447006,12.73,0.2512544216236167,0.40123623243634,0.24217271590642547,0.2625881398795253,0.31193037276955127,0.03821668548176763,0.34195686619583854
2019-11-11,-0.19114883810900096,12.07,0.23250402312435434,0.3808023126996453,0.22081669610947707,0.2625881398795253,0.31026302107259063,0.037124628938953116,0.3406864183776216
2019-11-12,0.21060166147144344,12.69,0.18359358447644328,0.36014644663629186,0.21247346947060647,0.2625881398795253,0.3126766744106166,0.03870548672959328,0.3526252276994605
2019-11-13,0.032336583625447446,12.68,0.18511460554741743,0.3411988434269863,0.19514219282883566,0.2625881398795253,0.3102523247241106,0.037117623208030734,0.3488934569143104
2019-11-14,0.14547798049147076,13.0,0.1389482149929538,0.32078965209980104,0.17821529604204997,0.2625881398795253,0.30934170651479487,0.036521200404550216,0.3562493591684776
2019-11-15,0.7210410319895111,13.05,0.13872592328015856,0.3028121035422856,0.16538489898902992,0.2625881398795253,0.308779587777911,0.036153032461595125,0.3544171108572226
2019-11-18,0.0737376994646155,12.05,0.15935480500605004,0.3158373875184984,0.2374314389207175,0.2625881398795253,0.32529153228695284,0.04696777362781657,0.3432996372388671
2019-11-19,-0.02886574195972713,12.46,0.15045143898344696,0.29721337916672846,0.2112916971551677,0.2625881398795253,0.3145875683963218,0.03995705488016298,0.3517852261882831
2019-11-20,-0.37256352899639467,12.86,0.12875528031051453,0.2794305702802579,0.19282494676024867,0.2625881398795253,0.31146061974070705,0.03790901381921951,0.35857046650534524
2019-11-21,-0.16102617919466766,12.78,0.13026612737083682,0.27099295105173726,0.21634035817568756,0.2625881398795253,0.31999660983991934,0.043499786212492716,0.3583364599003221
2019-11-22,0.22212108841515033,13.13,0.12748016109611227,0.25628913981179496,0.20588648117419273,0.2625881398795253,0.3159648153567408,0.04085910305448552,0.35885751643932895
2019-11-25,0.7720760373899793,12.34,0.12856078445936908,0.2438720580982111,0.19057487281813648,0.2625881398795253,0.311536161966013,0.0379584913119132,0.3504640149474269
2019-11-26,0.2262943637258097,11.87,0.14899328545510193,0.2650058190630272,0.2710531706660513,0.2625881398795253,0.3314854553931674,0.051024574761111816,0.3424922887170001
2019-11-27,0.4447614070981487,11.54,0.13638754797115207,0.2521780182624897,0.24238942978780628,0.2625881398795253,0.31729851689749433,0.04173263051506669,0.3416609164736808
2019-11-29,-0.37153967289222933,11.75,0.14576523992784815,0.24891609972137582,0.2423618437705784,0.2625881398795253,0.3161020242011159,0.04094897000727359,0.32796533444900194
2019-12-02,-0.853123527495292,12.62,0.1478730285038829,0.24226363745006516,0.25535612720398027,0.2625881398795253,0.3224474972833434,0.04510503102867161,0.33593277355304313
2019-12-03,-0.6729129775449039,14.91,0.17914498566707684,0.2713970043930219,0.398405859302027,0.2625881398795253,0.40804580549975655,0.1011689032830892,0.3826875376313357
2019-12-04,0.6151568756745718,15.96,0.16021625535336165,0.2822818966503415,0.45105301288910277,1.1868979270883606,0.4463290513179436,0.12624307878675595,0.41083874922043007
2019-12-05,0.1796218557795548,14.8,0.1705809441657705,0.28805006175270303,0.4384118894810324,0.2625881398795253,0.39651500113021343,0.09361663318996613,0.37484392345765793
2019-12-06,0.9092416564310923,14.52,0.17153420843422562,0.27270289871196235,0.3724605080934673,0.2625881398795253,0.3414438860420384,0.05754699553537805,0.3562126278839188
2019-12-09,-0.31491702961243817,13.62,0.21087703794011198,0.305943948176618,0.4569392197971901,0.2625881398795253,0.37860940349673883,0.08188909839074876,0.35963467652700354
2019-12-10,-0.11156853415439372,15.86,0.20973259574530742,0.29353767541841624,0.4156442528881144,1.1868979270883606,0.3511616264483949,0.063911772691559,0.3553374406541855
2019-12-11,0.2834780416576699,15.68,0.20743624499873267,0.27667226716211285,0.3593882989507421,1.1868979270883606,0.3272894651363535,0.04827634916366137,0.3588137038227166
2019-12-12,0.858194759336417,14.99,0.2095230031792873,0.2648935191385101,0.3163749392705667,0.2625881398795253,0.31646094205967157,0.04118404854318371,0.34648038346245524
2019-12-13,0.05989129054224662,13.94,0.24248229770966623,0.29318980268734895,0.39606355479514244,0.2625881398795253,0.3454303574298387,0.06015799366476249,0.3443598593323346
2019-12-16,0.6846902605825989,12.63,0.242603312568821,0.27581363252707697,0.3368739486779757,0.2625881398795253,0.32205692869194763,0.04484922237928522,0.35260063854429313
2019-12-17,0.021891802230289414,12.14,0.26391935590828713,0.2873928597516524,0.3640201236710967,0.2625881398795253,0.3309478386780034,0.05067245477803235,0.34029435370412114
2019-12-18,0.006268996962610629,12.29,0.2391850264412582,0.2701780432268467,0.3120581256211793,0.2625881398795253,0.3170006626542771,0.04153754649307939,0.3526715200210322
2019-12-19,0.40903001345329315,12.58,0.2389279812984288,0.2539697186526109,0.2713295219013056,0.2625881398795253,0.31199825966368544,0.03826114900259875,0.35840735173429633
2019-12-20,0.4374644274130368,12.5,0.2468552346720819,0.24876986864779033,0.2602507400639181,0.2625881398795253,0.31290666779401466,0.03885612428230743,0.3398086271323197
2019-12-23,0.15267669439245068,12.51,0.24935864143939473,0.2453261840440319,0.2554308051727294,0.2625881398795253,0.3140107041892441,0.03957922917440275,0.32570800036954584
2019-12-24,0.003092741711618885,12.61,0.24923391489770766,0.2320052233820263,0.22669638874490053,0.2625881398795253,0.31047019643987006,0.03726032149605426,0.3424853935843192
2019-12-26,0.530938853711671,12.67,0.24688495238021074,0.2180854838821824,0.20387226138784253,0.2625881398795253,0.30962868050493897,0.036709158244594274,0.3554516134077844
2019-12-27,-0.024790289609466498,12.65,0.2319227932787275,0.22191411883209125,0.2260729134006106,0.2625881398795253,0.31553574372888105,0.04057807627447596,0.3371727802429887
2019-12-30,-0.5528633307577024,13.43,0.22951352753610138,0.20863614520970106,0.20435316036427661,0.2625881398795253,0.3117679233268681,0.03811028682749324,0.3527317964409879
2019-12-31,0.24265797535560907,14.82,0.2346490110243193,0.21445744824690904,0.2643720779786147,0.2625881398795253,0.33350729638803683,0.05234880928883778,0.36373141626535066
2020-01-02,0.9308434996558645,13.78,0.2308795426657868,0.2051229749323155,0.2381375675224908,0.2625881398795253,0.31823804291378316,0.04234798691234207,0.3486715757448964
2020-01-03,-0.7601187722176661,12.47,0.23748191731748053,0.24480377368747125,0.35794065365760896,0.2625881398795253,0.35904496510204864,0.06907508141139197,0.35338708935918584
2020-01-06,0.3807816100549033,14.02,0.2434328064855445,0.26478238013888455,0.44671020535667805,0.2625881398795253,0.4252831361931311,0.11245874681080509,0.3889858982047658
2020-01-07,-0.28158141513143775,13.85,0.23231740900298753,0.2575951154039117,0.3908099031502422,0.25917511470107407,0.3520865782402202,0.06913454399157698,0.42591200150793906
2020-01-08,0.5315707217114607,13.79,0.23455665101602238,0.2468966940805224,0.3578203662682025,0.25917511470107407,0.3314146563710933,0.055392067897732815,0.37070325333478277
2020-01-09,0.6757685611606945,13.45,0.2086446054156075,0.24903693836654162,0.34530880002464337,0.25917511470107407,0.3213084758960911,0.048673585481968026,0.3437370288151825
2020-01-10,-0.2881743180862095,12.54,0.2256679584019538,0.26149451095974086,0.36564438075851446,0.25917511470107407,0.3258564606543244,0.051697037883291774,0.3611483899314432
2020-01-13,0.6853528378309548,12.56,0.22902971553486293,0.2507875065584235,0.33905759458265444,0.25917511470107407,0.31901349414937175,0.04714790577062962,0.33301698542763536
2020-01-14,-0.15258537723239485,12.32,0.2475701304025237,0.26392276690429467,0.36304100809407763,0.25917511470107407,0.3252604916232693,0.05130084394381208,0.3558553091600727
2020-01-15,0.22574333287259662,12.39,0.2136074662307457,0.2494843387307461,0.32039708319055316,0.25917511470107407,0.31314723711674003,0.04324807983564069,0.31080734892379847
2020-01-16,0.8283998486207089,12.42,0.2158633274523463,0.237572881547087,0.2797005856217126,0.25917511470107407,0.3052377737631147,0.037989951842487435,0.27546837394023405
2020-01-17,0.3107445853165913,12.32,0.22621787775035324,0.2644932872059506,0.3552068900653207,0.25917511470107407,0.3297073627600947,0.054257077073809376,0.3517973492252371
2020-01-21,-0.19598900456685442,12.1,0.2307932561455289,0.2544174218118084,0.313306389960201,0.25917511470107407,0.31259368848923313,0.04288008653397991,0.2994062386076795
2020-01-22,0.012044688137446968,12.85,0.23262051279258558,0.24145707789776627,0.2858955553538405,0.25917511470107407,0.3091529366677336,0.04059271093575717,0.2788991095776298
2020-01-23,0.11464059953469885,12.91,0.22466049005957264,0.22697835769463998,0.24964617105136333,0.25917511470107407,0.30389162482658777,0.037095046197231335,0.25619843528027464
2020-01-24,-0.8932995508933672,12.98,0.21617322062194683,0.2141482042566621,0.2203500430088056,0.25917511470107407,0.3015325982688394,0.0355267901695701,0.24427930239144666
2020-01-27,-1.6159105374794258,14.56,0.25306245465126526,0.2491783572588399,0.3894411821829319,0.25917511470107407,0.394960513864996,0.09763668516174283,0.5009226569654442
2020-01-28,1.04246135541608,18.23,0.3774032784648724,0.39089766773153245,0.9114394963563208,1.1756979930157834,1.5423488384298714,0.8604083674714471,1.370477453051522
2020-01-29,-0.08261466258110417,16.28,0.4157284980436947,0.4326473483197964,0.9241372932116569,1.1756979930157834,1.5511790693597796,0.8662786120585564,1.27611263651792
2020-01-30,0.3240376880275342,16.39,0.4160242420443837,0.40709801836901194,0.7548869600724866,1.1756979930157834,1.2833322077635774,0.6882168374639887,0.9590391289834317
2020-01-31,-1.8325212945429215,15.49,0.4064691258903708,0.388972162662605,0.6280970636400729,1.1756979930157834,0.9286537808130589,0.45243035209374305,0.6868451737021557
2020-02-03,0.7401414536360562,18.84,0.5635763355070176,0.5671218906000447,1.2563134771465425,1.1756979930157834,1.6694782940395716,0.9449226915676961,1.5713521165857742
2020-02-04,1.5126108409165617,17.97,0.5484020379136325,0.5659631394474717,1.0964751248543192,1.1756979930157834,1.5703942017535264,0.879052629841368,1.3435560205565418
2020-02-05,1.1481796449838377,16.05,0.6298406573508049,0.669284844444122,1.295109630233724,1.1756979930157834,1.6580482565692105,0.9373241229545489,1.5441371654316787
2020-02-06,0.33590251734718635,15.15,0.6857131269983862,0.7082267436067874,1.2681444783812956,1.1756979930157834,1.636674381583053,0.923114995816314,1.4965781382283807
2020-02-07,-0.5343759805130688,14.96,0.6873103845132792,0.6725029690599907,1.0319134687776774,0.25917511470107407,1.4322970381586035,0.7872470889078355,1.1529109913216153
2020-02-10,0.7437874003494827,15.47,0.6874527776736821,0.6492862522293494,0.9108261956526491,1.1756979930157834,1.323943735184591,0.7152149534713489,1.0159111944060113
2020-02-11,0.17314068014195882,15.04,0.6920507085625129,0.643522258910707,0.8264109993659595,1.1756979930157834,1.1832382385131592,0.6216754201603473,0.85941424018276
2020-02-12,0.6422242289151114,15.18,0.689523720825159,0.6067095850832658,0.6742197175687676,1.1756979930157834,0.8060898861715204,0.37095116487819485,0.6148426388080636
2020-02-13,-0.10677790868278692,13.74,0.6867972183433811,0.5950541275906064,0.615909060540415,0.25917511470107407,0.6429668172372007,0.26250866546393686,0.540261738247712
2020-02-14,0.16005951695952092,14.15,0.68623146712612,0.5600349712421301,0.5148259568753376,0.25917511470107407,0.4569116858040325,0.13882117225238585,0.4270217295022211
2020-02-18,-0.2579805534518087,13.68,0.6850247526800671,0.5279700159057611,0.4293520006556928,0.25917511470107407,0.3598543853752305,0.07429850042147715,0.3430271778692745
2020-02-19,0.47695424167049083,14.83,0.655515593478376,0.5002850529089735,0.38469420215991856,0.25917511470107407,0.33353932550611665,0.056804525577296414,0.3170214533750774
2020-02-20,-0.411679499307116,14.38,0.6617500292566565,0.4839170706532835,0.35715612306154754,0.25917511470107407,0.3195148785215193,0.047481220824338116,0.30049395700521947
2020-02-21,-1.035160398339574,15.56,0.6679913778394495,0.4650508470230719,0.3539752952846697,1.1756979930157834,0.32369060671657174,0.05025720098032942,0.3133922192399355
2020-02-24,-3.3727624769031905,17.08,0.7190109957336502,0.5014412192191204,0.5541250274876537,1.1756979930157834,0.534720913802038,0.19054792811053495,0.6474955804385106
2020-02-25,-3.0771001553167032,25.03,1.2600769128071965,1.1538863496023424,2.8638293358097844,3.8518360325755787,1.6739254972067177,0.9478791454279563,2.0828922250037833
2020-02-26,-0.36849210315867964,27.85,1.6729607831988054,1.6527658905772071,4.2819912420018245,3.8518360325755787,1.6739254992695431,0.9478791467993007,2.0864651887102768
2020-02-27,-4.595154759802078,27.56,1.5550855243870556,1.5617471229479931,3.424704439193974,3.8518360325755787,1.5512655143330283,0.866336079766969,1.98336889889061
2020-02-28,-0.4210124600275478,39.16,2.508834171482092,2.734969131563016,7.117169079569701,3.8518360325755787,1.6739255010791616,0.9478791480023162,2.086570016697751
2020-03-02,4.239485016238209,40.11,2.5169497100070948,2.5815060731591415,5.658980278278669,3.8518360325755787,1.561885788464476,0.8733963262348827,1.9874424733439944
2020-03-03,-2.905057339120809,33.42,3.3678179376092885,3.505009700944091,7.938399034376092,3.8518360325755787,1.6739255010791345,0.9478791480022981,2.0865650410335914
2020-03-04,4.117399575887859,36.82,3.6097809780200705,3.8010706075022265,8.049976845694443,3.8518360325755787,1.6739254884714554,0.9478791396208457,2.0863610728239506
2020-03-05,-3.3807132888488134,31.99,4.3909795445025,4.590185127103385,9.61292210745475,3.8518360325755787,1.6739255010790999,0.9478791480022751,2.086566194342916
2020-03-06,-1.6669120761002354,39.62,4.82627624856634,5.0005273599611195,9.98138945619754,3.8518360325755787,1.6739255010338434,0.9478791479721891,2.0865456423110893
2020-03-09,-8.131236218357074,41.94,4.895813361532701,4.86721147053038,8.471593600968667,3.8518360325755787,1.673301877790947,0.9474645698037282,2.073429405170173
2020-03-10,5.045045490913402,54.46,8.038869168083258,8.542198928621872,20.252034867154997,3.8518360325755787,1.6739255010791616,0.9478791480023162,2.0865700822360416
2020-03-11,-4.9976672752571005,47.3,9.23729423078975,9.5568160332277,20.864231441179083,3.8518360325755787,1.6739255010791616,0.9478791480023162,2.0865700667593896
2020-03-12,-10.056880020180348,53.9,10.400316063992468,10.482007762884582,21.5888547153599,3.8518360325755787,1.6739255010791616,0.9478791480023162,2.0865700805616907
2020-03-13,8.202791248412566,75.47,15.215118828048787,15.921537441529672,37.65557121178292,3.8518360325755787,1.6739255010791616,0.9478791480023162,2.0865700822360416
2020-03-16,-11.588636839807709,57.83,18.399563223516797,19.00339225093992,42.82843196202995,3.8518360325755787,1.6739255010791616,0.9478791480023162,2.0865700822360416
2020-03-17,5.258511221665163,82.69,24.794091903667542,25.920978944180433,61.04165765236665,3.8518360325755787,1.6739255010791616,0.9478791480023162,2.0865700822360416
2020-03-18,-5.1960085005242185,75.91,26.10963100935369,26.024836623632314,53.29843501830759,3.8518360325755787,1.6739255010791616,0.9478791480023162,2.08657007855461
2020-03-19,0.2122914741672588,76.45,27.392104836570866,26.083256686465575,47.44656297665749,3.8518360325755787,1.6739255010791616,0.9478791480023162,2.086570081831366
2020-03-20,-4.405060671021488,72.0,27.383418280444992,24.520965345477887,37.24871447606811,3.8518360325755787,1.49423851411315,0.8284251302100365,1.9615331293861458
2020-03-23,-2.590046142403235,66.04,28.29937444736073,24.213980995672028,33.30084982790654,3.8518360325755787,1.6739255010791618,0.9478791480023162,2.0865698321047734
2020-03-24,8.673077391470585,61.59,28.56779263638394,23.16364247711838,27.58741431641904,3.8518360325755787,1.6739251671621536,0.9478789260178034,2.0858389256609278
2020-03-25,1.4859187267837193,61.67,31.60811381318546,26.287160214797574,36.51129433772266,3.8518360325755787,1.6739255010791616,0.9478791480023162,2.0865700822360416
2020-03-26,5.674914464899139,63.95,31.26237138922148,24.84240786966611,29.062282090501444,3.8518360325755787,1.6666339767131835,0.9430318193445589,2.0443723340345694
2020-03-27,-3.023869767239429,61.0,32.78946032988011,25.28414264852143,29.11317718103861,3.8518360325755787,1.6739255010791616,0.9478791480023162,2.0865700819325146
2020-03-30,3.195972042835926,65.54,32.21938133477025,24.31572139176362,24.80704097691488,3.8518360325755787,1.6739254977418225,0.9478791457836883,2.0864442464693687
2020-03-31,-1.5017604045858945,57.08,32.69733303986978,23.469632346173135,21.43371077186837,3.8518360325755787,1.6739254929957157,0.9478791426285263,2.0862746514090813
2020-04-01,-4.604926748911087,53.54,31.94885928319711,22.196771464169665,17.344859593718226,3.8518360325755787,1.6721934950575932,0.9467277286279354,2.0670417452044982
2020-04-02,2.281336298472425,57.06,32.556763674590314,22.137286198089694,18.055736891759285,3.8518360325755787,1.6739255010791616,0.9478791480023162,2.0865700516785752
2020-04-03,-1.4559692006969271,50.91,31.99731205740967,21.121318744607983,15.160256177406739,3.8518360325755787,1.673879159358122,0.9478483405138993,2.0796331811991386
2020-04-06,6.500681119168572,46.8,31.554008437027715,19.981230398734183,12.394626338511186,3.8518360325755787,1.67166523145264,0.9463765445431522,2.0629160399532087
2020-04-07,0.10189038247885307,45.24,33.434020777202285,21.317887875597016,19.134821253721782,13.098819247956515,4.594507866051012,0.9288044355639975,16.97500536461077
2020-04-08,3.3017018656262387,46.7,30.2860864539318,20.039437502063695,14.701566508204458,13.098819247956515,3.6024898409493944,0.7135454373388371,13.59297493696185
2020-04-09,1.5102645248980195,43.35,29.593169844602954,19.49114536450866,13.711094018157256,13.098819247956515,4.594506699620556,0.9288041824590688,16.440579497041803
2020-04-13,-0.9171757533915859,41.67,28.51241845131674,18.458530578748068,11.014396935004497,13.098819247956515,4.529002723521639,0.914590408194863,14.407139100635835
2020-04-14,2.9066113452041797,41.17,23.736245861902784,17.40149142577975,8.707761146316672,13.098819247956515,4.313328807625901,0.8677911062625633,10.300810691216178
2020-04-15,-2.147681425690706,37.76,20.93446515938068,16.864305310957143,8.55822040461575,13.098819247956515,4.594491171379882,0.9288008129703628,14.533199971148882
2020-04-16,0.4812392897447282,40.84,14.759038097538227,16.129199122675125,7.751972973647285,13.098819247956515,4.5940377408100135,0.9287024226107474,14.490621114611564
2020-04-17,2.6657065802947244,40.11,13.453307192091344,15.175342650554258,6.007529822413185,13.098819247956515,3.7444431579144237,0.7443480316782906,9.168460256613358
2020-04-20,-1.777473712037203,38.15,12.50604467945833,14.691181585854597,6.184034834863969,13.098819247956515,4.594235982425403,0.9287454392600982,12.881844028575406
2020-04-21,-3.083380533690505,43.83,12.654346828362101,13.99927545852232,5.5775982932396495,13.098819247956515,4.589452176281393,0.9277073963090565,11.650704399459437
2020-04-22,2.195147665432984,45.41,12.183045685512639,13.729753061943473,6.643918128718761,13.098819247956515,4.594507686318179,0.9288043965635877,15.823793368861564
2020-04-23,-0.007155416699866635,41.98,12.0930616023354,13.195088274610217,6.157969646399785,13.098819247956515,4.592784042119373,0.9284303812592855,15.317481398113756
2020-04-24,1.3842721348880538,41.38,8.51105111479016,12.403386050132893,4.75055617057316,13.098819247956515,3.616844522936832,0.7166602743541626,10.108065845537018
2020-04-27,1.4315399136719975,35.93,8.49715849006735,11.774155447730571,4.061918236194984,13.098819247956515,4.089459756724171,0.8192135336667556,7.317625553592153
2020-04-28,-0.4609195695364221,33.29,7.061189553901375,11.190664512332898,3.5628704223492287,13.098819247956515,4.3445856262489215,0.874573555063136,5.058072160116273
2020-04-29,2.5841800176099383,33.57,6.635887576775518,10.531971452567822,2.827823935539221,13.098819247956515,3.5202237820322324,0.6956944417093712,2.4917647088159063
2020-04-30,-0.9354604097686625,31.23,6.46749467510055,10.300732347218622,3.648796978761961,13.098819247956515,4.593858608156397,0.9286635524344087,4.243205781417253
2020-05-01,-2.682999733242486,34.15,6.40177095440829,9.735193577080176,3.0671290180736337,13.098819247956515,4.3731286768951385,0.8807671405957833,2.536515484837514
2020-05-04,0.2754374083572486,37.19,5.734777488015073,9.58299121657012,4.1644301762127816,13.098819247956515,4.594495182038673,0.9288016832472848,4.898466575676908
2020-05-05,0.9196794010018827,35.97,5.490557033691011,9.012563689531266,3.2279105461604742,13.098819247956515,3.6296213041375855,0.7194327210761206,2.2661657778219273
2020-05-06,-0.6801728256600192,33.61,5.429888647369541,8.522558480197022,2.6632496837316886,13.098819247956515,3.0377652097047756,0.5910052663753735,1.6131499713925008
2020-05-07,1.1994540753298644,34.12,3.439592459733901,8.038963075751179,2.2049082690186266,13.098819247956515,2.4551622165096116,0.4645856515046413,1.3603489002384537
2020-05-08,1.6411040614963568,31.44,3.5076071468188403,7.642946695935633,2.0055853838983295,13.098819247956515,2.760897988676534,0.5309275670474622,1.3871696749721367
2020-05-11,0.02053553956136156,27.98,3.116749400684557,7.3459632466190845,2.127366176998092,13.098819247956515,4.207176294052025,0.8447569645909394,1.447540673340338
2020-05-12,-2.0132886776860204,27.57,3.0081552470283497,6.905230754325044,1.6581476885502344,13.098819247956515,2.8226620564419327,0.5443298148061446,1.254464982863153
2020-05-13,-1.7844301323673761,33.04,3.1611133392706967,6.734116787047464,2.3240796979363765,13.098819247956515,4.581776015380061,0.9260417383633086,1.4705292807527894
2020-05-14,1.189646232509034,35.28,2.910437214757888,6.5211212336626545,2.6231475797292947,13.098819247956515,4.589455148988979,0.9277080413598932,1.4959218614856804
2020-05-15,0.45859105921897125,32.61,2.758185912484844,6.2147694491542715,2.3212983720761287,13.098819247956515,4.378554480953837,0.8819444913260001,1.4181142012056578
2020-05-18,3.0005084321763853,31.89,2.75717231751349,5.85450162778075,1.8382651221547106,13.098819247956515,3.2847681279783436,0.6446026803344727,1.2532606922066678
2020-05-19,-1.0324102514953637,29.3,2.8475084736722995,6.0434145812076006,3.414954036005863,13.098819247956515,4.594481234623232,0.9287986567834507,1.8749149303359984
2020-05-20,1.6845182927382574,30.53,2.7478160036917947,5.744761961978708,2.9361135510935843,13.098819247956515,4.433254396663332,0.8938138815595297,1.571802293138204
2020-05-21,-0.6927559810408823,27.99,2.430214401931236,5.570332356974174,2.872967309104955,13.098819247956515,4.548326619828881,0.918783520069496,1.5444508615932986
2020-05-22,0.18970353625595848,29.53,2.2236066674651425,5.264907066511799,2.3702864274212385,13.098819247956515,4.115342310240463,0.8248298152266146,1.388604880296631
2020-05-26,1.2245620238976684,28.16,2.2253179165927555,4.951171888421171,1.8459794426965372,13.098819247956515,2.664767226459224,0.510068055375384,1.1770432306823801
2020-05-27,1.4769026475141445,28.01,2.2054770978758422,4.744074704138241,1.7434719522558015,13.098819247956515,3.0297395676916006,0.589263774168422,1.321579266723565
2020-05-28,-0.18465370748126375,27.62,2.211759712437664,4.5903047077040044,1.813599906027432,13.098819247956515,3.997061302483703,0.7991638992910908,1.3984581854222922
2020-05-29,0.44461706556182534,28.59,2.2032668620617084,4.316932244742959,1.4335548350622704,13.098819247956515,2.6315578209404054,0.5028619127622982,1.250797923786727
2020-06-01,0.40333286393581247,27.51,1.8946810511842944,4.06977737015771,1.1550030410051264,13.098819247956515,1.3548647572945562,0.22583098896102435,1.0683174379097045
2020-06-02,0.8246080964701363,28.23,1.8607568236074425,3.835351371896087,0.9348546919029679,13.098819247956515,0.7193135752222728,0.08792209284022838,0.8442996908903903
2020-06-03,1.322050850690637,26.84,1.5503516304733878,3.6460290003481677,0.8696875520216557,13.098819247956515,0.6071175191298732,0.06357655674294838,0.8451004185443054
2020-06-04,-0.2630327580308567,25.66,1.6299684250395443,3.532136367435988,1.0486266331601868,13.098819247956515,0.9650163900258499,0.14123739602769045,1.2599836997761489
2020-06-05,2.5306922657850173,25.81,1.592986331285741,3.3243593592976675,0.8581501476541772,13.098819247956515,0.6068563543157182,0.06351988632482679,1.054447457693129
2020-06-08,1.2014986010079554,24.52,1.8759276775399207,3.509161998386054,2.076489341978277,1.1904597112460684,4.562064744173951,0.9217645696161609,1.6180814234614638
2020-06-09,-0.7484683111963264,25.81,1.876161430368428,3.385228211776335,1.9081528477473362,13.098819247956515,4.368891347419793,0.8798476781717821,1.471444635934153
2020-06-10,-0.5595800239153625,27.57,1.7745891576162969,3.2157268078416594,1.6512343263342864,13.098819247956515,3.97756610911204,0.7949336174925719,1.3708417975750853
2020-06-11,-5.937735348181494,27.57,1.7894800192724891,3.041570987561067,1.3890498550172223,13.098819247956515,3.175693801260106,0.6209345314628364,1.2866984801415626
2020-06-12,1.1904337668883436,40.79,3.2753547700032173,4.9744787922100455,9.545805064477973,13.098819247956515,4.594507866051012,0.9288044355639975,16.92517890315962
2020-06-15,0.9292735382757655,36.09,3.191209134576899,4.761038017878321,7.631233710017543,13.098819247956515,4.3824245831834565,0.8827842687371932,14.539656448491394
2020-06-16,1.906457105590853,34.4,3.1649372845967383,4.527188695341995,6.044253893842955,13.098819247956515,3.9062633873312738,0.7794615675167836,10.229097680571554
2020-06-17,-0.41626608790235053,33.67,3.327997900590179,4.473632095348947,5.433674621194185,13.098819247956515,4.559401479161308,0.9211866650376923,9.478186616843727
2020-06-18,0.0385240735531589,33.47,2.907532500798558,4.215610816984261,4.251776271976007,13.098819247956515,3.8329229108516363,0.7635473430804428,4.62105115992044
2020-06-19,-0.5731498889673503,32.94,2.8568474139819107,3.9627632142197933,3.287052372322174,13.098819247956515,2.2740970473121105,0.42529613664836563,1.9727405158012177
2020-06-22,0.6394805540320014,35.12,2.737366410013028,3.7447074690800024,2.64781213903018,13.098819247956515,1.5660580406944997,0.27165803389994814,1.3408828079805162
2020-06-23,0.4593394956590835,31.77,2.733986625713846,3.5445611436743065,2.1277395741340857,13.098819247956515,0.9163423986980164,0.13067557724241555,1.018303265757908
2020-06-24,-2.5840146525491825,31.37,2.7423202133616704,3.3445470413901885,1.6899398027550248,13.098819247956515,0.5813280686543871,0.057980477706418926,0.761214320832054
2020-06-25,1.0663697896856839,33.84,2.988871621657695,3.54450212238211,2.9827068719767347,13.098819247956515,4.590985676293672,0.9280401520333164,1.9219561026898604
2020-06-26,-2.403771516780484,32.22,2.9391527215681714,3.4000606667404405,2.5371999988859106,13.098819247956515,4.2868106221255395,0.8620368982732761,1.5643261619052093
2020-06-29,1.459038810423774,34.73,3.212677507910961,3.5427440770291234,3.41583404088318,13.098819247956515,4.594359611868253,0.9287722657383936,1.9510371162851463
2020-06-30,1.272790306415672,31.78,3.3046351229268667,3.4579070874267455,3.08475945598742,13.098819247956515,4.513543421715017,0.9112358786037167,1.697527586394531
2020-07-01,0.6980614925218731,30.43,3.374031206973297,3.3476323720274825,2.71972530665551,13.098819247956515,4.390738120315232,0.8845882315981609,1.5218766918040822
2020-07-02,0.5491781698526488,28.62,3.364855556238905,3.1760118205463455,2.1988091727401304,13.098819247956515,3.5876905592877746,0.7103341261889152,1.3334846993393896
2020-07-06,1.531923501863286,27.68,3.2959878519737082,3.0035469110481268,1.761965780411292,13.098819247956515,2.270763129214775,0.42457270637629607,1.1649684949112775
2020-07-07,-1.0367517448004016,27.94,3.4044451559624584,2.9641414733189033,1.8641584996312233,13.098819247956515,3.7410694900882735,0.7436159760722171,1.395375211199243
2020-07-08,0.7619649999768718,29.43,3.150657100545437,2.8507842357405697,1.7922420070343281,8.389332801531896,3.8271720429208633,0.8593954429259977,1.5288555165292999
2020-07-09,-0.5709208300584301,28.08,3.1095614706866606,2.7145726212675205,1.5246448709470506,8.389332801531896,3.2362965337490035,0.7151316406630961,1.4441043935180042
2020-07-10,1.0159147152363879,29.26,3.0984065078928285,2.5712552996431457,1.3104435205264409,8.389332801531896,2.5739950804946172,0.553429007185131,1.3804272527030934
2020-07-13,-0.8696999194682142,27.29,3.1326423605341955,2.478904944182587,1.23639381769946,8.389332801531896,2.4022036823340245,0.5114856876364123,1.4146897890115426
2020-07-14,1.28757985028356,32.19,1.4897698312427192,2.3755533245270124,1.1899901878135506,8.389332801531896,2.4908927055656034,0.5331393448142207,1.4537557226875575
2020-07-15,0.9145499502478671,29.52,1.501233132076446,2.332491837306766,1.2680919999482239,8.389332801531896,3.101928055477583,0.6823252249650016,1.5109299696924077
2020-07-16,-0.3299011330351931,27.76,1.4999403845792467,2.2427264237582625,1.1645076519338962,8.389332801531896,2.662814411320472,0.5751144793031799,1.464518396693635
2020-07-17,0.28950386411752405,28.0,1.332047816108773,2.1146929237874406,0.9722977279024364,8.389332801531896,1.6140675382673182,0.3190601850068645,1.3311932963592472
2020-07-20,0.8048813680676226,25.68,1.3277875795088423,1.9928400976005327,0.7929829495436305,8.389332801531896,0.8131969576618607,0.12352553636222685,1.0870613281327566
2020-07-21,0.21252462084637713,24.46,1.3585661467669032,1.912139732744245,0.7559417585464098,1.1909937601426468,0.6555367124149409,0.08503237478763397,1.0596150080805673
2020-07-22,0.5675763719255933,24.84,1.345074047683218,1.800121351647544,0.6182365170627856,1.1909937601426468,0.47654948199599056,0.041332173956948395,0.7676517774113594
2020-07-23,-1.2003277946634583,24.32,1.340941074301463,1.7114426468267845,0.5573380043142133,1.1909937601426468,0.44354406381693856,0.03327381471227335,0.6317469912560585
2020-07-24,-0.6461082746922919,26.08,1.3995026953666678,1.695203296895676,0.8203146371842192,8.389332801531896,0.8390120366827967,0.12982835547973792,1.3143451737906928
2020-07-27,0.7265867821913297,25.84,1.1014228943208095,1.6185384532394864,0.7822246566359401,8.389332801531896,0.7192525889186415,0.10058877282115582,1.2600254485713567
2020-07-28,-0.6362771201071205,24.74,1.0724126002113268,1.5531018471684261,0.7243921939281623,1.1909937601426468,0.5728156277171285,0.06483580542475154,1.1508539030358413
2020-07-29,1.2223874400424606,25.44,0.8165426511011679,1.484206650752629,0.7040674110695606,8.389332801531896,0.545092598350414,0.05806715523599398,1.146202651315544
2020-07-30,-0.3574186469265328,24.1,0.7863253560178695,1.484808114921885,0.8548078908898105,1.1909937601426468,0.7561479991526125,0.10959688380863303,1.4005391118532184
2020-07-31,0.7870894807158635,24.76,0.7152659714971598,1.4033845133768195,0.735183251187846,1.1909937601426468,0.5507529271651537,0.05944913933280836,1.2378212000763726
2020-08-03,0.6928350587636523,24.46,0.7215621621310505,1.3563520336134245,0.7052341655667016,1.1909937601426468,0.5074897684653883,0.048886325888942705,1.183907314632379
2020-08-04,0.385498114191396,24.28,0.7300585314838756,1.303772136715741,0.6550138343205167,1.1909937601426468,0.46916614637504833,0.03952951323819041,1.0714007750157384
2020-08-05,0.6192222495017496,23.76,0.6253832543640685,1.234462336275504,0.5552379464503296,1.1909937601426468,0.43098114463868487,0.030206545109719454,0.8140638874102932
2020-08-06,0.6662097324340088,22.99,0.5924585883607983,1.1834007677556542,0.5194389068539741,1.1909937601426468,0.43113320668239236,0.030243671455734124,0.6905112532670217
2020-08-07,0.07174546650299263,22.65,0.5859464334274669,1.1390268461457025,0.50279994846622,1.1909937601426468,0.43474976184478475,0.031126662865466923,0.6126624419007982
2020-08-10,0.29846746378803246,22.21,0.5706700914164727,1.0709940800947841,0.4168345497563906,1.1909937601426468,0.4176991371229971,0.026963708207267567,0.4620656442047559
2020-08-11,-0.8288978997238239,22.13,0.5257653351453409,1.0120794049055006,0.3592549118229817,1.1909937601426468,0.4147450844514327,0.026242468514862553,0.3981032694113826
2020-08-12,1.3845889833890013,24.03,0.522465038871224,0.9925789443011646,0.48717340785700763,1.1909937601426468,0.49102354892418515,0.04486605528534466,0.530820798840994
2020-08-13,-0.18090613568588765,22.28,0.53480907611246,1.048049406818426,0.7710368801364025,1.1909937601426468,0.8824714116315896,0.1404390756344269,1.1899411955523191
2020-08-14,0.002948912943612214,22.13,0.49653885794248026,0.9871300642050486,0.64226545192445,1.1909937601426468,0.5619702222931726,0.06218787130113988,0.8112283944663738
2020-08-17,0.31714601708339174,22.05,0.49135666453817767,0.9279027821179985,0.5274292073263276,1.1909937601426468,0.4515701492941469,0.035233404490925616,0.5662904388956476
2020-08-18,0.21582744663728448,21.35,0.4921551935292671,0.8782635109600301,0.44756702591142883,1.1909937601426468,0.42409019379311286,0.02852410142275351,0.448596090596539
2020-08-19,-0.41724555005551167,21.51,0.46352412067496057,0.8283625895057464,0.37717960859488364,1.1909937601426468,0.41536221548665564,0.026393142672538297,0.3888676936746027
2020-08-20,0.3108582227556944,22.54,0.46966350803568585,0.7891064650778692,0.37389752077427013,1.1909937601426468,0.4275252708527577,0.029362784478656423,0.38976098628511074
2020-08-21,0.3540970805117283,22.72,0.4589249316874291,0.7475580472524868,0.3268390776787184,1.1909937601426468,0.4175487817739258,0.026926998555215815,0.3649962433429503
2020-08-24,1.0082239809076299,22.54,0.39628673777244283,0.7102276489629533,0.2946443774237532,1.1909937601426468,0.4157484585090391,0.02648744491749789,0.35697897093044506
2020-08-25,0.34935282507042587,22.37,0.42481338982250855,0.7286049257658098,0.4386433688788105,1.1909937601426468,0.47668692958485437,0.041365732145557624,0.44702426055121786
2020-08-26,0.9975256446741021,22.03,0.40548572526677223,0.6922114740029425,0.38156161732380106,1.1909937601426468,0.43182617964561476,0.030412862618657714,0.3833639882742039
2020-08-27,0.21844765978489278,23.27,0.4335909080387089,0.7103822302697149,0.5023725265259001,1.1909937601426468,0.4871577456106122,0.043922209287059505,0.4774377438987716
2020-08-28,0.6438621478696227,24.47,0.3647093997764202,0.6706224592574617,0.4202019083892526,1.1909937601426468,0.43157270254323443,0.030350975520600097,0.39149366078378417
2020-08-31,-0.3629407621548175,22.96,0.3783670367425388,0.655258619629571,0.4196416549872679,1.1909937601426468,0.4331515042712288,0.03073644409522238,0.3909629747065957
2020-09-01,0.9374603648542923,26.41,0.35513923417967935,0.623846662261808,0.3958310204730604,8.389332801531896,0.4304896583966923,0.030086547457203554,0.38201697530179207
2020-09-02,1.4360283744348834,26.12,0.3741302587997132,0.639145778666464,0.49051147791146477,8.389332801531896,0.47165200341990104,0.04013644174276676,0.4498912467254727
2020-09-03,-3.5020271225979727,26.57,0.46525257766337846,0.7245276814774019,0.8032836164965385,8.389332801531896,0.9236132649979782,0.15048396682833773,1.164628200044648
2020-09-04,-0.8198101892454623,33.6,1.0310029478126084,1.4169076586334686,3.4563764887143202,8.389332801531896,4.176512791110852,0.944687901044441,7.08573526465905
2020-09-08,-2.770333803223579,30.75,1.0418721544221743,1.3722185238989013,2.906425196316087,8.389332801531896,3.9718496008687856,0.8947188474125557,4.1304380055206575
2020-09-09,1.9555093339821639,31.46,1.4070912958183406,1.7503703753419608,4.074736142576008,8.389332801531896,4.176509288746564,0.944687045933032,7.982146135379324
2020-09-10,-1.75163379691341,28.81,1.584945292406498,1.8747891581389253,3.9710522253631515,8.389332801531896,4.172224038449151,0.9436407908556819,7.216543759017602
2020-09-11,0.050908976984587184,29.71,1.6983333509932943,1.9463950661599472,3.8660630450027043,8.389332801531896,4.172864209121932,0.9437970902011765,6.4393673839721135
2020-09-14,1.3085223736879037,26.87,1.607166925803553,1.8297668656266073,3.0481280987510972,8.389332801531896,3.4710403925528204,0.7724449682646543,3.0834839048011116
2020-09-15,0.503976940571782,25.85,1.6871432959232209,1.8227147018355203,2.7327432846519915,8.389332801531896,3.7608134367211212,0.8431938155194759,2.374018729246626
2020-09-16,-0.39765596366523326,25.59,1.6992377749965801,1.7285913851230745,2.1990796792680234,8.389332801531896,2.801929092171628,0.6090796927849602,1.6161611240716447
2020-09-17,-0.8834110296502828,26.04,1.7019781878197544,1.6343637179420014,1.7949396733077245,8.389332801531896,1.823692750993242,0.3702407294169654,1.3034383672039755
2020-09-18,-1.1579460576495393,26.46,1.736922643085745,1.5831267977039476,1.6326903393007532,8.389332801531896,1.987790516981488,0.4103056285316564,1.4030555987579232
2020-09-21,-1.1192098217709834,25.83,1.7924819394374107,1.5685895341872773,1.6381885365149693,8.389332801531896,3.030609235807901,0.6649125484557472,1.5269796899565249
2020-09-22,1.0132895564341382,27.78,1.8475294532704492,1.549631999644959,1.621816395284639,8.389332801531896,3.606508935218127,0.8055199675640871,1.5368707759963085
2020-09-23,-2.3464230677766373,26.86,1.8904518810205233,1.518259423176971,1.478918727041214,8.389332801531896,3.381797781107011,0.7506561510752476,1.4949691219274803
2020-09-24,0.2662153242778409,28.58,2.10422262470229,1.7575059305660128,2.4697064805013653,8.389332801531896,4.176156189628426,0.9446008358590526,1.7517115534597676
2020-09-25,1.6037585868149407,28.51,2.1017856343449406,1.6563078106648734,1.9624624163033815,8.389332801531896,3.4953654500493005,0.7783839947266314,1.448986878078383
2020-09-28,1.6472892528287097,26.38,2.176880119725902,1.7112518383119404,2.0594177848418607,8.389332801531896,4.05022280436612,0.9138538701991594,1.581254172849634
2020-09-29,-0.5460935268164491,26.19,2.3038250007934953,1.7713904409623222,2.164423492389349,8.389332801531896,4.141630579778712,0.9361713178386731,1.596256018280343
2020-09-30,0.755350136185573,26.27,2.2982849852969025,1.6830001029064325,1.8039586875400817,8.389332801531896,3.7340825423844692,0.836667397695359,1.4757395530449111
2020-10-01,0.6399412165250418,26.37,2.3191815486969998,1.6162533264261805,1.5318766671954236,8.389332801531896,3.0957072275683606,0.6808063935470852,1.3916024315865587
2020-10-02,-0.9539756991279624,26.7,2.29683358797961,1.5438496124770624,1.2883506512199503,8.389332801531896,2.1234347121894412,0.4434235138591713,1.269416964824005
2020-10-05,1.757766825160978,27.63,2.241971309043638,1.5058228138000398,1.2672931014724511,8.389332801531896,2.4898421596503693,0.5328828512790665,1.4224341508619796
2020-10-06,-1.431797634486287,27.96,1.8050927492448128,1.6008580976702278,1.6195489511591035,6.983283282469844,3.8735452743922973,0.8957944094303434,1.5755091259118594
2020-10-07,1.7256978814209845,29.48,1.8707096882795675,1.6278092797772459,1.797393529489289,6.983283282469844,4.033758147968848,0.9361591632311288,1.5849561553948397
2020-10-08,0.8823380514047408,28.06,1.6470565357394558,1.7088227136670637,2.012964345273981,6.983283282469844,4.054466104901119,0.9413764192769674,1.6016080596354385
2020-10-09,0.889055382314563,26.36,1.5020329015330436,1.6530045770644428,1.7318435998593433,6.983283282469844,3.74364020049823,0.8630655393454968,1.5054404624602244
2020-10-12,1.5959400377417055,25.0,1.393566164120339,1.6012494708099259,1.514834288238724,6.983283282469844,3.344071031109944,0.7623962810724636,1.4520803940516664
2020-10-13,-0.6547299219668901,25.07,1.5147296346026904,1.65799597880535,1.7030110226219344,6.983283282469844,3.9169622079838358,0.9067330674550379,1.5556081438474518
2020-10-14,-0.6303395580959936,26.07,1.4536077521396877,1.584236496320155,1.4749938413278894,6.983283282469844,3.5844037837905938,0.8229467984913048,1.4867527828870344
2020-10-15,-0.12366858741517106,26.4,1.460433237943143,1.5130219840509846,1.2892077634327177,6.983283282469844,3.14078228523512,0.7111787977671223,1.436624205306018
2020-10-16,-0.06042444161948879,26.97,1.4536315071847972,1.4231583001787214,1.0399081049153076,6.983283282469844,1.9342825079709063,0.4072078035342306,1.2484400057007194
2020-10-19,-1.532052140350082,27.41,1.4166427484151427,1.3379878689566997,0.8402803363368966,6.983283282469844,0.9881533486756635,0.16883575685566432,0.9851904230253411
2020-10-20,0.3998067316027587,29.18,1.4645639240496737,1.3985396224643738,1.2586668649250248,6.983283282469844,3.2530953960223905,0.7394754693411604,1.5710097405351329
2020-10-21,-0.18949843962410284,29.35,1.4125265334537809,1.3242179704746042,1.0267675085552332,6.983283282469844,2.0794027074514005,0.44377004096736783,1.3941968748481082
2020-10-22,0.5470296244466155,28.65,1.3653433874271843,1.246919471763326,0.842310195766515,6.983283282469844,1.1223258782512837,0.2026397889677331,1.189241335477163
2020-10-23,0.33894836440406806,28.11,1.1174167301427977,1.190058788058859,0.7265939310896774,6.983283282469844,0.6924491164895688,0.09433469920913903,0.9970458390152095
2020-10-26,-1.8652627662206989,27.55,1.1195127013262187,1.125548420399259,0.6041719858356744,6.983283282469844,0.499789016189767,0.04579504479665876,0.7419909088161176
2020-10-27,-0.34534100564682646,32.46,1.1627109671484395,1.2667678263982611,1.3365739577259776,6.983283282469844,3.479704015006791,0.7965682666317031,1.7018538296218504
2020-10-28,-3.477676077475511,33.35,1.0391728018006394,1.197917381425235,1.1086330865504272,6.983283282469844,2.5773774043464623,0.5692320315706748,1.479695269618319
2020-10-29,1.0112181085874639,40.28,1.6008876951251456,1.851696192530449,3.687976950472485,6.983283282469844,4.07400336499543,0.9462987246825437,3.6599568128394226
2020-10-30,-1.0479636309634444,37.59,1.622411896787033,1.8019481447667345,3.0872580256881546,6.983283282469844,3.8485791061697183,0.889504320430898,2.3544448672025773
2020-11-02,1.1146331903499451,38.02,1.6552072782734402,1.7597249223900555,2.7180385184369933,6.983283282469844,3.8728525350111505,0.8956198775469568,1.9040429723037198
2020-11-03,1.750163210083322,37.13,1.6710328742021545,1.728685855988434,2.374574220853674,6.983283282469844,3.739610510341359,0.8620502810366952,1.6610782686456604
2020-11-04,2.210319126832516,35.55,1.6697627337399,1.8087489803448775,2.481027516781623,6.983283282469844,4.03354933241151,0.9361065532980221,1.678270335194522
2020-11-05,1.9314876731429287,29.57,1.8047849326123349,1.9933546800706843,2.945992407302124,6.983283282469844,4.072686317767294,0.9459669018650577,1.7956912154138913
2020-11-06,-0.022827264507530032,27.58,1.8406235732581544,2.0975920771566283,3.066274163611314,6.983283282469844,4.068316981919625,0.9448660716893862,1.8013419370460286
2020-11-09,1.2487302626309926,24.86,1.8035759850223532,1.9717678175675244,2.419215558374928,1.1476031321474247,3.429934768267873,0.7840291781888065,1.4749968427655287
2020-11-10,-0.14676293299205057,25.75,1.8401906419741618,1.947021384642101,2.205643683097782,6.983283282469844,3.583171046417893,0.8226362170789671,1.5239102463466034
2020-11-11,0.7401311251004294,24.8,1.719929439804325,1.8314924630736005,1.7572880761518095,1.1476031321474247,2.5284598648084127,0.5569075260804832,1.3399773852409995
2020-11-12,-0.9748386864358416,23.45,1.7256019546435466,1.75447056022973,1.4873733375459153,1.1476031321474247,1.7608342933149193,0.3635084782210901,1.2511583767497902
2020-11-13,1.374950913744577,25.35,1.7519344549326565,1.7062209544902636,1.4342342838267506,6.983283282469844,2.1902578260102263,0.4716993794049928,1.426144870053838
2020-11-16,1.2405235475123177,23.1,1.8412295071085514,1.7172770981332706,1.5047627942709005,1.1476031321474247,3.026755886579957,0.6824504727220895,1.5256398482101696
2020-11-17,-0.5392749314337308,22.45,1.9143365337174802,1.7065743925612271,1.487954749133059,1.1476031321474247,3.2978066582053067,0.7507402263475532,1.5271863185048344
2020-11-18,-1.2107776612373833,22.71,1.8164143285232701,1.6216289761079248,1.2722531165737485,1.1476031321474247,2.6406524435998415,0.5851738302799862,1.4481213582936299
2020-11-19,0.4201297261399617,23.84,1.8786113343478699,1.6122901902385374,1.3891794429750974,1.1476031321474247,3.5189549939759304,0.8064573352637073,1.5323359750343637
2020-11-20,-0.6871193566499123,23.11,1.885306540451035,1.5261433180314115,1.1314473388016195,1.1476031321474247,2.4473350887350085,0.5364685841886995,1.3937519786795656
2020-11-23,0.5976400437294416,23.7,1.893539473796786,1.462902699566506,1.0398662422452607,1.1476031321474247,2.0727249812812536,0.4420876245248573,1.3841791908260626
2020-11-24,1.5985404518680468,22.66,1.9050769798985359,1.3965589549046513,0.8914349125442937,1.1476031321474247,1.2318043059374855,0.23022227769913456,1.2435333695851183
2020-11-25,-0.1542912201294655,21.64,1.8610829984323076,1.4660853121858823,1.2183044398903498,1.1476031321474247,2.892729757802101,0.6486833254871599,1.542657173542937
2020-11-27,0.2781244051262455,21.25,1.8565375398812538,1.3795485402912717,0.9876863624148962,1.1476031321474247,1.7047654703281963,0.3493822461322715,1.3833772051031672
2020-11-30,-0.44372974789572694,20.84,1.284305267732748,1.3014168189574051,0.8020992384671041,1.1476031321474247,0.8678227281499278,0.1385191177255614,1.1526287286811046
2020-12-01,1.0878018707233927,20.57,1.2449878404009573,1.235145575170017,0.7126105438857702,1.1476031321474247,0.6344877442982926,0.07973164973984224,1.0287552723108402
2020-12-02,0.21016681779730817,20.77,1.2490395136451111,1.2320356152567749,0.7978714470312174,1.1476031321474247,0.707974812992455,0.09824631319454884,1.2256785569681166
2020-12-03,-0.02727425261159766,21.17,1.191980606134318,1.160763683819551,0.6494346055749239,1.1476031321474247,0.4984853856894938,0.04546660225008911,0.9276859746415805
2020-12-04,0.858068187426575,21.28,1.0461554929403354,1.0911624958817092,0.5336279033559195,1.1476031321474247,0.44148669408259483,0.031106094868139714,0.6733514666274367
2020-12-07,-0.2057008470864652,20.79,0.848573129694234,1.0698696069852183,0.5692406152285421,1.1476031321474247,0.4631048185721981,0.03655266263250001,0.7034668219964948
2020-12-08,0.2921749528559836,21.3,0.6729382824079964,1.0082162008756306,0.48736941578365983,1.1476031321474247,0.4371669506026678,0.030017759217219046,0.5464071925056835
2020-12-09,-0.9009232941257217,20.68,0.6769785261733058,0.9528452010076764,0.41290614604738113,1.1476031321474247,0.42509610219547206,0.02697657523963902,0.4451474728328002
2020-12-10,-0.032701187353545436,22.27,0.6413754553679665,0.9443742558611163,0.5624085806640817,1.1476031321474247,0.5233201715371906,0.051723590181577274,0.6486680277460711
2020-12-11,-0.1173341426843777,22.52,0.6404006938991047,0.8877759625687092,0.46601304852208625,1.1476031321474247,0.44844365820973,0.03285886378067364,0.4778406416798286
2020-12-14,-0.44873922265891153,23.31,0.6149708471703927,0.8353354428769553,0.39699396047534574,1.1476031321474247,0.4298250812008678,0.02816801553417115,0.4146551219429766
2020-12-15,1.34289835573016,24.72,0.5793068674266103,0.7972973297014894,0.39769827715118,1.1476031321474247,0.44003623531015745,0.030740659744602973,0.4161907684547568
2020-12-16,0.15679949109239644,22.89,0.5751585806940254,0.857662049548766,0.6781223666173137,1.1476031321474247,0.6639956368221553,0.08716600123929688,0.8420275406139444
2020-12-17,0.5576707667031222,22.5,0.5030484572880392,0.8076774914002501,0.5538417460904522,1.1476031321474247,0.4850532404922544,0.04208244702086583,0.5399811589514659
2020-12-18,-0.40009934489200205,21.93,0.5040093731148197,0.77787664295835,0.5036618138016948,1.1476031321474247,0.4498896130331573,0.03322316415898758,0.46714706562269276
2020-12-21,-0.3582307316107425,21.57,0.4418235131544171,0.7408088135278296,0.46989981654276014,1.1476031321474247,0.4442860376645842,0.031811374112986526,0.4405727051060656
2020-12-22,-0.16865165445087982,25.16,0.43952924031079454,0.7040600401403818,0.43489456393332315,6.983283282469844,0.439135171201736,0.03051364159004888,0.4176479494127624
2020-12-23,0.08981143924300383,24.23,0.4184011627044151,0.6635230405649,0.3780029918832013,1.1476031321474247,0.42861268252257645,0.027862558344214153,0.38961127958071856
2020-12-24,0.3883041072666238,23.31,0.40177699474012807,0.6241956238081399,0.31873073028233473,1.1476031321474247,0.42168920129428555,0.026118225264196125,0.3724699245782457
2020-12-28,0.8554098448561476,21.53,0.28727454252401513,0.5957906911628592,0.2918237483980583,1.1476031321474247,0.4226805362135952,0.026367986653894535,0.3702423710413924
2020-12-29,-0.1909705333793532,21.7,0.3209850292891475,0.6039468098536968,0.37967144830176913,1.1476031321474247,0.4520962372177613,0.033779111006166776,0.41088789740859494
2020-12-30,0.14258672344311663,23.08,0.31903819880783163,0.5698981859396266,0.33757531640589566,1.1476031321474247,0.43322839570472604,0.029025461936499387,0.38374238918724407
2020-12-31,0.5067868750980864,22.77,0.31063033616662394,0.5369241532053837,0.28775628639390455,1.1476031321474247,0.42283063021567147,0.026405802013581534,0.3695945683504978
2021-01-04,-1.3707510313416549,22.75,0.2665122422057844,0.5201186802193617,0.286187595786705,1.1476031321474247,0.42653790806551883,0.027339830311929804,0.3736428079230286
2021-01-05,0.686379959668848,26.97,0.353883113568697,0.6016490628016526,0.716948135185237,6.983283282469844,1.0647206796121287,0.18812647546921552,1.3138184231638363
2021-01-06,0.5960760609961646,25.34,0.37628185472010117,0.593817165975654,0.6515864091315778,6.232335302874986,0.6989060305970417,0.09751728797129908,0.8515506896118681
2021-01-07,1.4748109916431495,25.07,0.3581402193019667,0.579506536246677,0.5901215183233615,6.232335302874986,0.5368659443644377,0.05516274125813858,0.6451607305529149
2021-01-08,0.5681504044814822,22.37,0.4596999632343172,0.6752401917361636,0.8922273312071907,1.107821057734119,1.0658171219181067,0.1934216615016056,1.3607702048738923
2021-01-11,-0.6763776783853537,21.56,0.4710060908074637,0.654093473158742,0.7740039290531633,1.107821057734119,0.6829927577925947,0.09335782674151605,1.0840945678875589
2021-01-12,0.021113774745895597,24.08,0.4541405661369694,0.6422970705982952,0.7578945103192741,1.107821057734119,0.637438174391527,0.08145062664357593,1.097979595757632
2021-01-13,0.2689559017926335,23.33,0.4541108720336212,0.6037859938514386,0.6213090338944042,1.107821057734119,0.48266870566956505,0.04099649677261561,0.8059652762808194
2021-01-14,-0.35079118162739675,22.21,0.4568999185131265,0.5718990708468976,0.5191837314067307,1.107821057734119,0.43949848058332774,0.029712527740360255,0.5966705731805493
2021-01-15,-0.7319520410637104,23.25,0.45317075485384184,0.5449683937825365,0.47361158157185834,1.107821057734119,0.43826073555983247,0.029389002058317897,0.5200443969059418
2021-01-19,0.7821367402576662,24.34,0.3928077927869163,0.5444155175806241,0.5398537858722559,1.107821057734119,0.48188787288600876,0.0407924002470261,0.6076597155812848
2021-01-20,1.3743695667429279,23.24,0.42076740231329973,0.54845485935344,0.5490244902075155,1.107821057734119,0.4733894730692818,0.03857106180915348,0.5847354386547883
2021-01-21,0.09112285478041215,21.58,0.4959052605015805,0.6288810701515822,0.8032341340117621,1.107821057734119,0.7451282022727133,0.10959898438937368,1.1573897128659822
2021-01-22,-0.3545605882656844,21.32,0.48867782663873865,0.5916464084222872,0.6559734000904135,1.107821057734119,0.5131331914313109,0.048959399751055614,0.7887952618992584
2021-01-25,0.39361110147888567,21.91,0.48855325300449776,0.5636904165620285,0.5821357292285888,1.107821057734119,0.4660590344532949,0.036655008738538025,0.6481371965112521
2021-01-26,-0.1562077844716292,23.19,0.4945764110358502,0.539164773520752,0.5009089270859605,1.107821057734119,0.43781289769144577,0.02927194478960428,0.5136340810842559
2021-01-27,-2.474440195088423,23.02,0.495354257574452,0.5082789394252789,0.430747276801863,1.107821057734119,0.4298230212339688,0.027183525784662398,0.44119193288445874
2021-01-28,0.8563383345841835,37.21,0.7797387432577425,0.8451534598039165,1.755697537004631,6.232335302874986,3.9253574867691006,0.9408573039844964,3.1720929591054094
2021-01-29,-2.0222507641932452,30.21,0.7798144261435328,0.8384431728123863,1.5301418856264222,6.232335302874986,3.610974032991347,0.858682769346441,2.05228192485312
2021-02-01,1.650833125443718,33.09,0.9728157789369124,1.0335064716404532,2.1745340397199797,6.232335302874986,3.9452321059445414,0.9460521943714597,2.3035512059008183
2021-02-02,1.4041437252733324,30.24,1.101621447239771,1.1350110838257625,2.2505123487191803,6.232335302874986,3.9235967033588213,0.940397064886034,2.010467971592738
2021-02-03,0.07860156268133522,25.56,1.183277955070856,1.1852075948696852,2.160644084977853,6.232335302874986,3.874785369019643,0.9276386049983201,1.759647973431279
2021-02-04,1.1301466114803205,22.91,1.094097946296177,1.114465831516861,1.7258943280811216,1.107821057734119,3.1624035025888397,0.7414339951338204,1.4453688453854292
2021-02-05,0.39280204976410715,21.77,1.1324843231726267,1.1242317634322765,1.6109936827908091,1.107821057734119,3.151381085766324,0.7385529212029472,1.46769670501273
2021-02-08,0.7196274042135187,20.87,1.1229122650681589,1.066035464644273,1.3117298292953312,1.107821057734119,2.0377162613620787,0.4474597113392854,1.2847513136531237
2021-02-09,-0.06661625751345213,21.24,1.0439977955359512,1.0331451528193218,1.1399878196200173,1.107821057734119,1.3605549245147837,0.2704611541262611,1.18982322429642
2021-02-10,-0.043582414286635895,21.63,1.028837930947981,0.9714227071960684,0.9267360281648594,1.107821057734119,0.7408740823910516,0.10848702917236287,0.926623898763731
2021-02-11,0.16139879276222402,21.99,1.0071432958535567,0.9132513103744073,0.7572194639676004,1.107821057734119,0.5164216803932098,0.049818955325177695,0.6840967558682627
2021-02-12,0.4927345544056827,21.25,1.0083625234164655,0.8600192059702491,0.6207151623910518,1.107821057734119,0.4475201360545004,0.03180925324372094,0.5180517929712619
2021-02-16,-0.0866361238991864,19.97,1.0164791931305739,0.8229852940783561,0.5460274527889181,1.107821057734119,0.43568831305550654,0.02871661418406645,0.4563231439038289
2021-02-17,0.02295916620775884,21.46,1.0109768771713707,0.7740565255115112,0.4600195806587373,1.107821057734119,0.4276269163536952,0.026609500993012822,0.40908511368686096
2021-02-18,-0.4265109275254808,21.5,0.9854898930235434,0.7276447613795979,0.38647553015239244,1.107821057734119,0.42396621442853744,0.02565265522541996,0.3861296911825711
2021-02-19,-0.176751036684486,22.49,0.9650219735396268,0.6949007699747408,0.38441743887344,1.107821057734119,0.4368006127228048,0.02900735056487775,0.3966925413016608
2021-02-22,-0.7721511741204168,22.05,0.8765624127291457,0.6550811795143987,0.34117976321984156,1.107821057734119,0.43009233273737313,0.027253919271339248,0.3839302810585843
2021-02-23,0.1213468326970002,23.45,0.9045583203973461,0.6515493548852671,0.4498305262416469,1.107821057734119,0.484073533648868,0.04136369512246055,0.46003522295690996
2021-02-24,1.0959241530860808,23.11,0.8992731700665979,0.6133398968204867,0.3776063886682023,1.107821057734119,0.4386363259390403,0.029487175051377972,0.39679951975975497
2021-02-25,-2.4390971367854064,21.34,0.9490884105480275,0.6486024879703041,0.5335264857158889,1.107821057734119,0.5112142537314818,0.04845782178762262,0.52203543040419
2021-02-26,-0.5165709040004351,28.89,1.231221456773991,0.9666380292525721,1.7985993233270086,6.232335302874986,3.9316257373984116,0.9424957190227842,3.439746556478913
2021-03-01,2.3950804312438123,27.95,0.952363895811638,0.9246504774290073,1.5189016558952062,6.232335302874986,3.562943442960653,0.8461283828584241,2.1083695199486177
2021-03-02,-0.7833429029976635,23.35,1.1906065114710966,1.21335606511089,2.3415245388915746,1.107821057734119,3.946435842117762,0.9463668307133943,2.55785675006368
2021-03-03,-1.3334690444612107,24.1,1.0250887948233178,1.177372267424845,2.030578215513525,1.107821057734119,3.7421476358942147,0.8929693376941515,1.8781400419154735
2021-03-04,-1.2451830859324886,26.67,0.9799883036077949,1.213418312931532,2.0532538745224924,6.232335302874986,3.8809504009742346,0.9292500404151961,1.75327415012111
2021-03-05,1.822959982747907,28.57,0.9599340805729323,1.2336420692051815,2.0195326868535024,6.232335302874986,3.8863850014054893,0.930670553346191,1.6500528023977072
2021-03-08,-0.4991053750118546,24.66,1.1178866945274226,1.3590145309748856,2.2480791979757004,1.107821057734119,3.93370558227072,0.9430393554083749,1.6502003275888646
2021-03-09,1.4176476472673727,25.47,1.06892835223815,1.292420029638336,1.8687386018222614,6.232335302874986,3.5551736712681343,0.8440974955283039,1.488853857894583
2021-03-10,0.6204927783879377,24.03,1.1572822285002375,1.3354583189681988,1.8672697632635624,1.107821057734119,3.7529423502868062,0.8957908940486694,1.5322845831123457
2021-03-11,1.0088421506353917,22.56,1.1509559278876895,1.2784314971120017,1.553626120128765,1.107821057734119,3.135722096033496,0.7344599252811362,1.421461771631893
2021-03-12,0.1345704241229484,21.91,1.1992094878464297,1.2627913563792001,1.425076821544772,1.107821057734119,2.8981303826856752,0.6723574569622486,1.4271192779195294
2021-03-15,0.5946008592677465,20.69,1.199981381761362,1.1881104269393659,1.1464741584345879,1.107821057734119,1.674524200929357,0.3525274297841825,1.2274296207805366
2021-03-16,-0.1262154201079113,20.03,1.215576648977402,1.1380368122335205,0.9798675939110064,1.107821057734119,1.0035027807818033,0.17713374328383358,1.0722987825104253
2021-03-17,0.34039846232412074,19.79,1.2047739342710997,1.0707104234358902,0.8052899649871881,1.107821057734119,0.6129434134919625,0.07504810910073129,0.8222732562174935
2021-03-18,-1.4656692682204486,19.23,1.2099341864229258,1.0134200648188942,0.6706113367539726,1.107821057734119,0.4796230338794743,0.04020040951355813,0.6190005980901756
2021-03-19,-0.18516788310307675,21.58,1.3122036759702074,1.0815060451581127,1.0647783475740762,1.107821057734119,1.5394300750027847,0.3172161028140337,1.5468325523433644
2021-03-22,0.7953205097447125,20.95,1.305173941381361,1.0186729111445985,0.8783985361006796,1.107821057734119,0.8511902689482157,0.1373218205217457,1.2579805541356557
2021-03-23,-0.7901941059478723,18.88,1.333806978726673,0.9955046192691579,0.8197418150723321,1.107821057734119,0.6730419828689722,0.0907568619362411,1.1827686590485722
2021-03-24,-0.5096490430310574,20.3,1.3351493258399691,0.9732387456174938,0.8336889949309083,1.107821057734119,0.7016043911219048,0.09822259392093433,1.2707236054879012
2021-03-25,0.5609744755886936,21.2,1.346816806471249,0.9304289497041925,0.7566074349532826,1.107821057734119,0.5790187749856504,0.06618078052945355,1.1757790732175368
2021-03-26,1.5986316241225929,19.81,1.3046093118495616,0.8934847544576616,0.6656777865325403,1.107821057734119,0.485921163262046,0.04184663435422342,0.9932802921313411
2021-03-29,-0.05051124596464618,18.86,1.1430106559909938,0.9932130533688923,1.0274280101774975,1.107821057734119,1.195501747109458,0.22731903617814786,1.5114304919002135
2021-03-30,-0.26562631938720216,20.74,1.1304252220438065,0.9337733533248928,0.8369911159142247,1.107821057734119,0.6732534866010871,0.09081214544608208,1.3128798906278558
2021-03-31,0.40451440141975326,19.61,0.8606227015401947,0.8819803926184706,0.7096732761694495,1.107821057734119,0.5147623912332226,0.04938524511265391,1.1209768199904224
2021-04-01,1.0741094169381071,19.4,0.8391944061725363,0.8388794831187212,0.6028460439615622,1.107821057734119,0.4529055238215097,0.03321690281395663,0.8823523428582907
2021-04-05,1.4251132190466365,17.33,0.809459708411528,0.8577693765049051,0.7018956686734162,1.107821057734119,0.5181935905886098,0.05028210277768439,1.0887365244964242
2021-04-06,-0.05909358218429972,17.91,0.8323390783929141,0.9281600751406989,0.9517859832844051,1.107821057734119,0.9218353068007226,0.1557872424142141,1.4661543647842818
2021-04-07,0.1156645859563099,18.12,0.6742585523336345,0.8726799937195793,0.7779056765143284,1.107821057734119,0.5762901893094959,0.06546757423483551,1.2473265013122752
2021-04-08,0.4735529318297793,17.16,0.663033415242145,0.8211218918830712,0.6377849167342369,1.0715546418520467,0.48273217792535006,0.03840414542689685,0.9619398053648867
2021-04-09,0.7244087707714009,16.95,0.5780109165489002,0.7853097211247616,0.5559202725121093,1.0715546418520467,0.4601026209343104,0.03248232380147806,0.7664577290534794
2021-04-12,0.036433680890990416,16.69,0.5846660012698026,0.7696772218875079,0.5459237322149577,1.0715546418520467,0.46783843388904395,0.03450667206705278,0.7095607576445353
2021-04-13,0.29593231465412373,16.91,0.5362643311843085,0.7235762333604534,0.45362907152311477,1.0715546418520467,0.44971910240507956,0.029765110000134813,0.533127085143064
2021-04-14,-0.342111023403735,16.65,0.5395722709846856,0.6854162154502189,0.389137997987242,1.0715546418520467,0.4455619867102908,0.028677254076551542,0.4467991671979301
2021-04-15,1.0685269642999984,16.99,0.5283098791033716,0.6513136396632667,0.3705976138621451,1.0715546418520467,0.45401497646173783,0.03088927694246018,0.42669279496162454
2021-04-16,0.3336723604526526,16.57,0.5819203334444742,0.680739813689641,0.5187619987666607,1.0715546418520467,0.5197352634640524,0.04808730768398716,0.5610076232526693
2021-04-19,-0.492499276687397,16.25,0.5817044349195893,0.6465756595160651,0.4438689950583379,1.0715546418520467,0.46614239549741704,0.034062843810536175,0.44748180166814755
2021-04-20,-0.7348410272720152,17.29,0.4909601079544343,0.6223344521973577,0.4465870439110613,1.0715546418520467,0.4737594185302604,0.03605610650388298,0.44890719160240755
2021-04-21,0.9417554439454356,18.68,0.5150412598796399,0.6173938651872477,0.5223095176050029,1.0715546418520467,0.5182053895766792,0.04768696222985398,0.5276340268311439
2021-04-22,-0.9175367805267953,17.5,0.5271540504977482,0.6335644322480647,0.588399915488336,1.0715546418520467,0.5345374065002071,0.05196081041180241,0.591888220575119
2021-04-23,1.078431287870707,18.71,0.5375096228094015,0.6460629909303495,0.7058309940774947,1.0715546418520467,0.6545228156619385,0.0833592240435852,0.8503524165990379
2021-04-26,0.20854618362253774,17.33,0.5805225702187348,0.6770800540340368,0.7862429342414832,1.0715546418520467,0.7054640460215504,0.09668979342629286,1.0348748992676866
2021-04-27,-0.021564977239396654,17.64,0.567608243954045,0.6390647414342061,0.6444801245862146,1.0715546418520467,0.5168199066298959,0.04732440175731979,0.7321328458965602
2021-04-28,-0.028744803378977224,17.56,0.4459340524587353,0.6007487598427539,0.5332037674125057,1.0715546418520467,0.46414031013615814,0.03353892757156906,0.5488516857659587
2021-04-29,0.6352539119940381,17.28,0.4458519037802779,0.5647534100754664,0.44616555113981476,1.0715546418520467,0.4495302912767217,0.029715700909913916,0.45229277676237434
2021-04-30,-0.6592142281598434,17.61,0.46170857954944633,0.5550810574331622,0.4373203355907187,1.0715546418520467,0.4570339835275266,0.03167930660749336,0.43934204409809463
2021-05-03,0.21545215634146686,18.61,0.4746100794376558,0.5478499979036752,0.48936246550413665,1.0715546418520467,0.4910273903421781,0.04057488028913324,0.4883724097669344
2021-05-04,-0.618862039866741,18.31,0.4218819171575162,0.517764175929786,0.4116335333408631,1.0715546418520467,0.4558998550025519,0.031382521883521114,0.41517600704374663
2021-05-05,0.03128502555931334,19.48,0.34340775226639986,0.5096777388372802,0.4564937683107111,1.0715546418520467,0.4840160067594673,0.03874010451598647,0.4538135454160284
2021-05-06,0.7953802100233887,19.15,0.3432880713792034,0.4791557996764982,0.3835165162809271,1.0715546418520467,0.45418075631582533,0.030932659087562833,0.40088318367543596
2021-05-07,0.7251663168832856,18.39,0.37277623242931796,0.4883642324057193,0.43076589426093526,1.0715546418520467,0.471982640656664,0.03559114991460485,0.42898255904061283
2021-05-10,-0.9951668983709361,16.69,0.38713879471015084,0.4906143496899003,0.447821643647636,1.0715546418520467,0.4730867097190653,0.035880068520138,0.43206661294211196
2021-05-11,-0.8964762411101113,19.66,0.4093097036836126,0.5205989180453001,0.6303917880739767,1.0715546418520467,0.6239020285330632,0.07534621523926266,0.6978572208488192
2021-05-12,-2.1473999237405117,21.84,0.44751647691083385,0.5375831620150769,0.7297701049564412,1.0715546418520467,0.7407890415728371,0.10593382425978473,0.9251577031159424
2021-05-13,1.1940717038337212,27.59,0.6629331672738913,0.7820077582430178,1.675010800566741,5.99610239504346,3.861959260904472,0.9226980812344004,2.017464648949082
2021-05-14,1.5238814985274907,23.13,0.7252554187768444,0.8206357267822189,1.5992036670260794,1.0715546418520467,3.7245491070305694,0.8867398686593686,1.683542860326488
2021-05-17,-0.2547888317021574,18.81,0.7814680353539026,0.9107304724685493,1.718569918912904,1.0715546418520467,3.825704263557368,0.9132106826342161,1.6047649174881091
2021-05-18,-0.8652978467532435,19.72,0.7792575641458125,0.8599816850460453,1.4001382712828092,1.0715546418520467,3.1645543570529826,0.7401974939301001,1.401996846989871
2021-05-19,-0.2625460574304128,21.34,0.8033616034819167,0.8533072057590306,1.3213539774232814,1.0715546418520467,3.1032050642632854,0.7241432879688421,1.415927963583655
2021-05-20,1.07008502147794,22.18,0.7809301319062055,0.806244599349824,1.0893051574700974,1.0715546418520467,2.0870449959784763,0.45822917088565246,1.2685565209431124
2021-05-21,-0.08191257205174551,20.67,0.7932243527152807,0.8265748405803212,1.0839480609914938,1.0715546418520467,1.9974478870083274,0.43478292765232185,1.3427099686189488
2021-05-24,1.0142664633941756,20.15,0.753454634898169,0.7773829303131098,0.8821787435526005,1.0715546418520467,1.0661557296272446,0.19107749235167004,1.1385206218691886
2021-05-25,-0.22212164075483543,18.4,0.7470604642366288,0.7924641420202909,0.8985582575701659,1.0715546418520467,0.9959178857359386,0.17269728353702032,1.2323364043168916
2021-05-26,0.1982390077973406,18.84,0.7473388695979667,0.7478765748965707,0.7513688936247889,1.0715546418520467,0.64225841758652,0.08014981177915087,1.0260240135879612
2021-05-27,0.05249040447097286,17.36,0.7491880913107828,0.7053619026555248,0.6166046048215902,1.0715546418520467,0.49813208752599575,0.04243407485674418,0.7651724503092814
2021-05-28,0.17870721075015084,16.74,0.7492799474460318,0.6632055030498849,0.5088048903619405,1.0715546418520467,0.45781848864713753,0.031884600037868645,0.5696031799783531
2021-06-01,-0.08811250342022348,16.76,0.7315841728970018,0.6253293488973377,0.42528480536235824,1.0715546418520467,0.44667968499239913,0.028969739248059904,0.46036957210921337
2021-06-02,0.157140327608829,17.9,0.7112603831184591,0.588275416759036,0.36528497210618294,1.0715546418520467,0.4456757839518302,0.02870703313789718,0.413169902863637
2021-06-03,-0.37182131750146397,17.48,0.7102257855417363,0.5544604767071545,0.31187056978665306,1.0715546418520467,0.44337540265171627,0.028105057247025007,0.38831355072871965
2021-06-04,0.9104385788283764,18.04,0.6985715411493791,0.5294879136336367,0.3156554233034691,1.0715546418520467,0.45482777232434135,0.03110197364342176,0.3951370157493421
2021-06-07,-0.09707561845297974,16.42,0.7379962865300833,0.5474525431647606,0.4149023739669328,1.0715546418520467,0.48730796268140264,0.0396015608748609,0.44861110971403284
2021-06-08,0.02130313020565211,16.42,0.7083198102063298,0.5151708111167566,0.3578480992819548,1.0715546418520467,0.45756925470028803,0.031819379186359,0.40012320484365116
2021-06-09,-0.14928739883313114,17.07,0.6833001738355913,0.4842877918511447,0.3063227721643885,1.0715546418520467,0.44708010499978246,0.029074523263933998,0.38238233014119577
2021-06-10,0.46375587475724345,17.89,0.6372015820183119,0.4565677279870977,0.2774300710390364,1.0715546418520467,0.4471663998667125,0.029097105359082893,0.3795446114525046
2021-06-11,0.16510726134537634,16.1,0.6091730039467378,0.4420778349901832,0.27129344642637204,1.0715546418520467,0.4485923592380071,0.029470257915504765,0.3811752282804602
2021-06-14,0.22364286347187345,15.65,0.39088414562617657,0.4171887893557104,0.23827005368535123,1.0715546418520467,0.44417004102876173,0.028313002401560684,0.37461299509948187
2021-06-15,-0.18358262478077592,16.39,0.32537028355405906,0.39515842981728166,0.21484420084756858,1.0715546418520467,0.443282031454025,0.028080623380383325,0.37307823635776244
2021-06-16,-0.55988940587266,17.02,0.21639351015248806,0.3734710788355287,0.20940988020940124,1.0715546418520467,0.4469574866397158,0.02904243584584606,0.3765193451500254
2021-06-17,-0.0331794507082428,18.15,0.22822964339288282,0.3698713829139034,0.28035737975921937,1.0715546418520467,0.4715983103218766,0.03549057632897304,0.40752766545990177
2021-06-18,-1.3582159576719377,17.75,0.19262776302876378,0.3477451524960272,0.24779654331059003,1.0715546418520467,0.45167837357206053,0.030277822395312577,0.383420144776319
2021-06-21,1.4214295020860135,20.7,0.27719062757173735,0.4375654786067476,0.6711898996996292,1.0715546418520467,1.014869818646448,0.17765672512915484,1.2649773805455333
2021-06-22,0.5332129265712915,17.89,0.3188753835816921,0.5325392596543723,0.9290558318689098,1.0715546418520467,1.7842533386198052,0.3789930556911323,1.7124014002682588
2021-06-23,-0.12060438961594144,16.66,0.33209473384848204,0.5176458655788733,0.7951786601617858,1.0715546418520467,1.0305723822552704,0.181765854653434,1.2703300216280065
2021-06-24,0.5898229950386025,16.32,0.283799922421268,0.4874598387718189,0.6585994036069432,1.0715546418520467,0.636819261021693,0.07872646465033233,0.9534696508983882
2021-06-25,0.35456828404889507,15.97,0.2980167387157769,0.47908571837408825,0.5940846928031076,1.0715546418520467,0.5234021135762064,0.04904686832849826,0.7909641109997433
2021-06-28,0.20140857859880512,15.62,0.3021319750891533,0.45788369535484563,0.5052733100938396,1.0715546418520467,0.46785737671347727,0.034511629125090655,0.6004286679235199
2021-06-29,0.05377878371009004,15.76,0.30393245951637543,0.43284459856554636,0.4234435705249031,1.0715546418520467,0.44949943680768345,0.029707626749997117,0.47589077522070666
2021-06-30,0.08414306898147927,16.02,0.3025494066784344,0.40704745210625376,0.3570569446331838,1.0715546418520467,0.4446300307570959,0.028433374935667236,0.41583561307624295
2021-07-01,0.5521428946137164,15.83,0.3025168468117031,0.3830494083433358,0.3045816608168172,1.0715546418520467,0.44316845249772047,0.028050901441067297,0.3895625550430518
2021-07-02,0.7614312092243836,15.48,0.31585821316938895,0.37835815040708043,0.30830410284895066,1.0715546418520467,0.45054918765459856,0.029982331078898722,0.39202248953770336
2021-07-06,-0.1823143268472549,15.07,0.33688327956140723,0.39044331056551,0.3617253967192179,1.0715546418520467,0.4668939775285008,0.034259521753754865,0.41464816916398445
2021-07-07,0.35277773953810154,16.44,0.2989947132735374,0.36901102275800546,0.3246321438477987,1.0715546418520467,0.4541549123394411,0.030925896099745637,0.39198605645242085
2021-07-08,-0.818139165611953,16.2,0.3044722588838033,0.35433748940334187,0.2901951003672735,1.011823885770668,0.44760778706887006,0.029877107906513555,0.3781465756802702
2021-07-09,1.0618371639108837,19.0,0.3363245384529301,0.37323834169763476,0.4367194603468818,1.011823885770668,0.519855117789599,0.04899093187242205,0.47711165907572867
2021-07-12,0.3575286619119211,16.18,0.38895365441540375,0.41849393095551524,0.571224396899736,1.011823885770668,0.5760617257577255,0.06386100665174337,0.595470215510353
2021-07-13,-0.3414460036273326,16.17,0.38479923692572143,0.40105389974349603,0.4841796866427175,1.011823885770668,0.48336096915914917,0.03933600447580358,0.461148941368397
2021-07-14,0.14908480521960144,17.12,0.389052806718298,0.3839857881624708,0.4441776727394851,1.011823885770668,0.4680025541476368,0.03527276728770377,0.43062332385244956
2021-07-15,-0.34214221711588166,16.33,0.3877294804690345,0.36228021762156454,0.37123133882951065,1.011823885770668,0.44915925639968635,0.030287566139113948,0.3919819413884943
2021-07-16,-0.787421594236104,17.01,0.3916989431648237,0.3475670823682489,0.35675633503241233,1.011823885770668,0.4554647092364212,0.03195574286404464,0.3932075939776534
2021-07-19,-1.4878350349281533,18.45,0.4062968774629611,0.3639150234503137,0.4760723051905944,1.011823885770668,0.518518914571039,0.048637424651498395,0.4840129837595999
2021-07-20,1.4228850417087102,22.5,0.5116565067586925,0.4748993075128745,0.9517039248310581,1.011823885770668,1.7362936209644362,0.3708130834050876,1.6495016667040363
2021-07-21,0.806365256537589,19.73,0.5202208521988687,0.5678814595772059,1.153736844452182,1.011823885770668,2.622241735305539,0.6052003767696269,1.6925572075955015
2021-07-22,0.2092110713872941,17.91,0.4549714758917468,0.5728220676196295,1.0322490777565665,1.011823885770668,1.9654379791799563,0.4314357373082841,1.468438578676389
2021-07-23,1.0235444187485676,17.69,0.44351686862166567,0.5410788999059128,0.829295339285693,1.011823885770668,1.020811807274745,0.18152452005959188,1.1972797802946364
2021-07-26,0.24517878544649818,17.2,0.4927119999719852,0.5714727565406387,0.8594934896996489,1.011823885770668,0.9693799562347211,0.16791765960934427,1.2695625665160857
2021-07-27,-0.45680533034682114,17.58,0.4790082605127811,0.5407911493581815,0.6974560101176096,1.011823885770668,0.6011315313228751,0.07049349875424171,0.9973253066609327
2021-07-28,-0.04099467287010938,19.36,0.48295837678801395,0.5208639469866868,0.6348574366879274,1.011823885770668,0.5307308721092235,0.05186823199531955,0.8873623495077833
2021-07-29,0.4138649846615827,18.31,0.4811067171532776,0.4897129439597092,0.5226409942010924,1.011823885770668,0.4684728948578527,0.035397201082688075,0.6517659944378922
2021-07-30,-0.486834859043217,17.7,0.4891253870557345,0.47060722085386253,0.4537323226636235,1.011823885770668,0.45334816369923625,0.031395787521611825,0.5191953470640671
2021-08-02,-0.2100209559904087,18.24,0.5000743453377348,0.4565912784014085,0.4534910772164654,1.011823885770668,0.4677432188072652,0.03520415727824664,0.5034587758753873
2021-08-03,0.8102449453684102,19.46,0.4876575370464354,0.4318423298146315,0.3986946455369743,1.011823885770668,0.45546002836116395,0.03195450448714156,0.43883401059514315
2021-08-04,-0.4930820212568854,18.04,0.49131084109949025,0.4453216023154571,0.44816992242050563,1.011823885770668,0.47429913035063787,0.03693859560179482,0.4602712034453489
2021-08-05,0.6312646600700411,17.97,0.5013056680477287,0.4331900989577362,0.45080340394448526,1.011823885770668,0.4780490048835261,0.03793066604925434,0.4550980135801155
2021-08-06,0.16512218685527102,17.28,0.5143553317400968,0.4311083972834727,0.4390694775811204,1.011823885770668,0.46747527750931006,0.03513327046829501,0.43231958208675114
2021-08-09,-0.08138316446819616,16.15,0.4837797908964609,0.40687781364197634,0.36770052859415325,1.011823885770668,0.4490529934464291,0.030259453109021443,0.39227519738836475
2021-08-10,0.12430151372679887,16.72,0.43040479360105843,0.3828625379909892,0.3183697848557143,1.011823885770668,0.4461363569999802,0.029487824938764617,0.37996967911856344
2021-08-11,0.2481847153998018,16.79,0.42505356132611766,0.36081783769041625,0.27326726810432145,1.011823885770668,0.44332222163992735,0.028743314555450802,0.37241096976065424
2021-08-12,0.299230318356436,16.06,0.4224350032101655,0.3428645066064761,0.243217959521089,1.011823885770668,0.4430897818110739,0.028681820048635807,0.37035243397332257
2021-08-13,0.18182980049497033,15.59,0.42564036055665727,0.3276649632155092,0.22392724198306702,1.011823885770668,0.4436101899837544,0.028819499740104067,0.37022746159991066
2021-08-16,0.235201541675778,15.45,0.42164039768118444,0.309988790003461,0.20149219474591284,1.011823885770668,0.44273562815281853,0.028588124812933026,0.36874753665742344
2021-08-17,-0.6576840808359741,16.12,0.3947493023543908,0.2947086485156531,0.18674449697414783,1.011823885770668,0.44281896954306355,0.028610173692058732,0.3687009085421013
2021-08-18,-1.1005402476297554,17.91,0.30993479087941,0.30297903061581755,0.29717612630106993,1.011823885770668,0.4826413749941937,0.03914562794481422,0.4176971797668217
2021-08-19,0.15472856034968174,21.57,0.27120083824772256,0.35747161897804636,0.5742971422014678,1.011823885770668,0.7313883268511532,0.10495436305544009,0.7886929601719079
2021-08-20,0.792555551531926,21.67,0.2413777906494823,0.33745977748263667,0.47223687158357935,1.011823885770668,0.5235962452054561,0.04998068817410654,0.5208335047450037
2021-08-23,0.8758038949580715,18.56,0.26920517302438973,0.354900848969523,0.4996552850762762,1.011823885770668,0.5058658041809215,0.045289905480820944,0.5159188482818314
2021-08-24,0.1585995950192931,17.15,0.25584275803736045,0.3796287457767754,0.5481155720041971,1.011823885770668,0.5116821803171288,0.04682869159897823,0.5468712910326814
2021-08-25,0.2096294282924127,17.22,0.25417805302342067,0.3583602509225859,0.45204393315215896,1.011823885770668,0.460986769450599,0.033416664476096085,0.4393198668031063
2021-08-26,-0.5920620569428436,16.79,0.24633392861260806,0.3394953056996029,0.37954592985285335,1.011823885770668,0.4475345492497155,0.02985773203796585,0.3971249860003987
2021-08-27,0.8901025399733697,18.84,0.2629461627110682,0.34015783611391015,0.42564915178199414,1.011823885770668,0.47632419903214285,0.0374743497384671,0.43131765694489843
2021-08-30,0.4387971902637844,16.39,0.2925175106224069,0.3672853178470982,0.495728507032632,1.011823885770668,0.49707592365569797,0.04296444615430377,0.47089596805953776
2021-08-31,-0.14826036936330667,16.19,0.29040011987020514,0.3568007772272758,0.43651161479267153,1.011823885770668,0.46292732500034645,0.03393005973657035,0.4160080638126855
2021-09-01,0.053156495092832046,16.48,0.2893464215449012,0.33671159882106394,0.3779816014357393,1.011823885770668,0.45181996549067843,0.030991485919711795,0.39187209281916074
2021-09-02,0.30716665486005823,16.11,0.25821921875802006,0.31667843967003334,0.31973037900604,1.011823885770668,0.4451194859230339,0.029218800539290154,0.37721632841170183
2021-09-03,-0.0242716203538329,16.41,0.25113452705188405,0.3033388145213064,0.283965175911149,1.011823885770668,0.44428301918631347,0.02899750408723416,0.3732611907272956
2021-09-07,-0.3581993482907997,16.41,0.2321866242186105,0.285173832343304,0.24967341002436225,1.011823885770668,0.44386985236459875,0.028888196271706232,0.37084092985295253
2021-09-08,-0.12189713238868194,18.14,0.23699812119594796,0.275761808789663,0.2657057472017652,1.011823885770668,0.45440491715760767,0.03167536324264093,0.3823373501984829
2021-09-09,-0.42894394852108775,17.96,0.23739029697812544,0.2601076349153582,0.2428659553103078,1.011823885770668,0.44857611126188834,0.030133288695238132,0.37571870854579104
2021-09-10,-0.7915901876162756,18.8,0.24541610862851057,0.2555407514788084,0.27580034926343944,1.011823885770668,0.4608293422698706,0.03337501538830455,0.3905554717960704
2021-09-13,0.25559883269199446,20.95,0.27232179301766724,0.27780520789790214,0.4149530799135029,1.011823885770668,0.5243245981868074,0.05017338194606617,0.48006779401346505
2021-09-14,-0.5411052740536881,19.37,0.2711690301533728,0.26505674122043865,0.3535614217817957,1.011823885770668,0.4654431850054317,0.03459565810235567,0.4066032179661005
2021-09-15,0.8317971851470318,19.46,0.28353726068959545,0.26672103180373535,0.3905271357239232,1.011823885770668,0.4794250807280511,0.03829472201081865,0.4269998738938889
2021-09-16,-0.15864611296052544,18.18,0.3138499650711128,0.29223096332862275,0.44875617979348675,1.011823885770668,0.4894618725537624,0.040950065401713934,0.45096632491072447
2021-09-17,-0.9788846612985402,18.69,0.2944509288317044,0.27620722087835436,0.3886249981518512,1.011823885770668,0.46018420208643857,0.033204336474960065,0.40530902506901534
2021-09-20,-1.6814707112355443,20.81,0.2824045642351612,0.3171276984331866,0.5839186420036364,1.011823885770668,0.5992661709765332,0.06999999720979315,0.6295739198407335
2021-09-21,-0.09451593592588736,25.71,0.4158999368711175,0.4677406616917736,1.1795873777721504,5.9745443990003135,2.845396819352329,0.6642385024833021,1.8667149851000193
2021-09-22,0.9707588756653784,24.36,0.38641369686539706,0.4402122177189039,0.9488127151666845,1.011823885770668,1.7019855818880627,0.36173651527475575,1.4060437440011817
2021-09-23,1.2076760805906694,20.87,0.3947632364967961,0.4703418523367563,0.9310796596487417,1.011823885770668,1.4522507870655808,0.2956664354699993,1.3601825909550538
2021-09-24,0.16459022458255035,18.63,0.46301693573920355,0.5296302321344014,1.0215350444070241,1.011823885770668,1.72084972568996,0.36672723147561875,1.4441693516454177
2021-09-27,-0.28651180308676416,17.75,0.4622143378735813,0.4994778147280254,0.8192070315865657,1.011823885770668,0.8944740472698353,0.14810047960174566,1.2195690609837857
2021-09-28,-2.0357629104720942,18.76,0.4494310775896116,0.47443448664282556,0.6938894491433504,1.011823885770668,0.6172998651006818,0.07477100883756414,1.0233851605082223
2021-09-29,0.1681846459831604,23.25,0.6090524154937433,0.694628255103485,1.5718403944468866,1.011823885770668,3.702316917281207,0.8909461156403127,1.6268556901214206
2021-09-30,-1.2297744840787495,22.56,0.6012306583966524,0.6546477243059448,1.2459101987272874,1.011823885770668,2.817050032744555,0.6567390490942967,1.3970811556464762
2021-10-01,1.1814113839854201,23.14,0.672200379566529,0.7061095777490574,1.3820181530028903,1.011823885770668,3.4744008911337225,0.8306484304617168,1.5109280956058577
2021-10-04,-1.2979990511562178,21.15,0.7385292960065192,0.7474869745767347,1.3583211099175219,1.011823885770668,3.4151336031323414,0.8149686192009504,1.4908784057722833
2021-10-05,1.0351315434494524,22.96,0.8142650190038775,0.8037258483102773,1.5102955731218821,1.011823885770668,3.730513986103966,0.8984059595467421,1.5226446061923176
2021-10-06,0.4147367532270074,21.3,0.8652606476081366,0.8197921361463034,1.3904541506140644,0.9711851241602297,3.424712978676576,0.8362672481875821,1.4608129453606598
2021-10-07,0.860854795255861,21.0,0.8673415905301046,0.7809250024461619,1.1207679667415182,0.9711851241602297,2.5041335125457382,0.5869708486397545,1.3045838811053652
2021-10-08,-0.18253717828029536,19.54,0.901923117560125,0.7785337610102928,1.0225673246644713,0.9711851241602297,1.9702243306842568,0.4423862238240229,1.2692882609595864
2021-10-11,-0.7266081535881597,18.77,0.8947482085354427,0.7338209246369471,0.8320659177592507,0.9711851241602297,1.1073511303404793,0.20871689920165254,1.0513595143304346
2021-10-12,-0.24646077575072312,20.0,0.8900503220464151,0.721469233690378,0.8204894474201212,0.9711851241602297,1.0056262689702526,0.18116942218624063,1.1220939554870804
2021-10-13,0.35910993844723293,19.85,0.8898318530326124,0.6818256545079742,0.6855282150945657,0.9711851241602297,0.6544524422393877,0.08607022234487163,0.9048021206312862
2021-10-14,1.6680853768381354,18.64,0.8820301878079866,0.6486537121109902,0.5710989657083473,0.9711851241602297,0.5079156188278492,0.046387496603430445,0.67916175513833
2021-10-15,0.7586911875781865,16.86,0.9815836291033532,0.7766850188496043,1.025761324823474,0.9711851241602297,1.3613738643987163,0.2775072158814007,1.4693521529989115
2021-10-18,0.29561782452329766,16.3,1.007795235243892,0.764620656805156,0.916515510564076,0.9711851241602297,0.9519322143987836,0.16662886922555864,1.3292524437383268
2021-10-19,0.7685410428423189,16.31,0.96632736467486,0.7239868112873998,0.7421543333037783,0.9711851241602297,0.6012002537429507,0.07164932838772009,1.073019800521452
2021-10-20,0.39199128724280996,15.7,0.8598183923791548,0.7159869226821454,0.7012921467481029,0.9711851241602297,0.5398227414045025,0.05502806601752203,0.9979044104111979
2021-10-21,0.26048126376903014,15.49,0.8667100070044085,0.6822471374776732,0.5873897388291599,0.9711851241602297,0.47396470779426825,0.03719346154895162,0.7598196166139526
2021-10-22,-0.10366752473291996,15.01,0.8250660876754371,0.6453833385554953,0.4860365852661391,0.9711851241602297,0.4512050668480163,0.03103006474112459,0.5655878372021261
2021-10-25,0.5348301449979331,15.43,0.7561263467255995,0.6073051555832206,0.41080137941423184,0.9711851241602297,0.44663717956158816,0.029793063595712335,0.46313433634825885
2021-10-26,0.08997010803115657,15.24,0.7684574582479984,0.588029443288138,0.38764555912402215,0.9711851241602297,0.4503593655012584,0.030801045619369014,0.4275244346363448
2021-10-27,-0.4440132022655696,15.98,0.7649339157256702,0.553233353911198,0.32619365463280053,0.9711851241602297,0.44401712606084515,0.029083543202971913,0.3900525427232608
2021-10-28,0.9602657692612482,16.98,0.5769728250653042,0.5318682161036937,0.34450156980626606,0.9711851241602297,0.4590672096673779,0.03315916273831916,0.4014097185663076
2021-10-29,0.20271913922513818,16.53,0.6195358856591335,0.555282743994366,0.4619317050283721,0.9711851241602297,0.49825485831890604,0.04377132613647909,0.4669249710788936
2021-11-01,0.1718582440203953,16.26,0.5494763507885158,0.5244314823191949,0.3859550160419429,0.9711851241602297,0.45731950055302156,0.03268587650318603,0.4017918311549369
2021-11-02,0.4034957123795202,16.41,0.4844193221136313,0.4947377087423096,0.32621727712610266,0.9711851241602297,0.4458961157900593,0.029592380724896256,0.3793673926648487
2021-11-03,0.6086774051816235,16.03,0.4119434770234511,0.4748219736122904,0.30039406415765707,0.9711851241602297,0.4458763770889142,0.0295870354100068,0.3754375535175054
2021-11-04,0.47015089235369345,15.1,0.37856208994414586,0.46856194621027103,0.3185915304396735,0.9711851241602297,0.4535536786902651,0.03166607770659821,0.3842751173676284
2021-11-05,0.34637014130325383,15.44,0.38089710361575035,0.45371074113251325,0.30480890880525474,0.9711851241602297,0.4501802392576239,0.030752537555431527,0.3793267831124437
2021-11-08,0.08531472816679653,16.48,0.3513209748667706,0.4336864331517486,0.27670739797659893,0.9711851241602297,0.4458879341202745,0.02959016509778887,0.37299462067491407
2021-11-09,-0.3310706041340872,17.22,0.3500809168376108,0.40810196333317417,0.24085799485338424,0.9711851241602297,0.44282275566497786,0.028760103184623832,0.3680195815131838
2021-11-10,-0.8077418544997883,17.78,0.3301594090309876,0.39019231022848627,0.2542432360719653,0.9711851241602297,0.45177748364066006,0.031185077372512682,0.37801419433409733
2021-11-11,0.032333380725368954,18.73,0.35833578948465955,0.40592758582542254,0.4075142094571802,0.9711851241602297,0.5181709489784673,0.049164678777033274,0.47166449824269807
2021-11-12,0.7518512522389997,17.66,0.3522446227997812,0.3816346575264451,0.3423626614085147,0.9711851241602297,0.4632178517355614,0.034283172301294636,0.40154743521398106
2021-11-15,0.0342308515049794,16.29,0.24666231237464448,0.3926533964044595,0.3886981375095731,0.9711851241602297,0.47128489971867077,0.03646775939144694,0.4172187650594096
2021-11-16,0.39500855937841806,16.49,0.2193079996644519,0.3691644976918773,0.32783340651332044,0.9711851241602297,0.4501108420087674,0.030733744518094762,0.3844412979996593
2021-11-17,-0.24319503907594964,16.37,0.22257665984570552,0.35637653354929744,0.30047220977222705,0.9711851241602297,0.4469269580138705,0.029871536696056553,0.3772129764785732
2021-11-18,0.3390434857911906,17.11,0.1972665880598957,0.3385425711582087,0.2849470577576148,0.9711851241602297,0.4493997861352815,0.030541187899509287,0.37760570746040123
2021-11-19,-0.1789840549099253,17.59,0.19542341263052268,0.32512704600416265,0.2606075917943748,0.9711851241602297,0.4455256440587125,0.029492055579531877,0.3721531541433863
2021-11-22,-0.2819174807572544,17.91,0.1937179270656316,0.3075415407586328,0.24540271313159254,0.9711851241602297,0.4468335114913307,0.02984623102449152,0.3725695321347453
2021-11-23,0.13251435157446423,19.17,0.1969908085071681,0.29385769627050584,0.24882994095093913,0.9711851241602297,0.4509255388462931,0.030954367501542106,0.37717252684651
2021-11-24,0.2666299469862743,19.38,0.18420589276310573,0.27727983769666753,0.21970480188738833,0.9711851241602297,0.44409414509406897,0.029104400248328395,0.36918518304107967
2021-11-26,-2.2555472632677542,18.58,0.18720574553885644,0.26490853915266166,0.20362233215794462,0.9711851241602297,0.44297699315616,0.028801871280308818,0.3676762072087856
2021-11-29,1.219195723924038,28.62,0.4200793518745008,0.5542636342135816,1.4316588909535943,5.946536834977514,3.679679135844937,0.9053130474120288,3.1308365911037725
2021-11-30,-1.9649613431059976,22.96,0.44695210738020374,0.6101941089548463,1.4145964668574829,0.9711851241602297,3.5800692042326285,0.8783383013702518,2.2182950299667517
2021-12-01,-1.116922292440936,27.19,0.6288558231179535,0.8052468472116112,2.074069053272159,5.946536834977514,3.7968371022138974,0.9370398676037537,2.381426827409012
2021-12-02,1.520026597852464,31.12,0.6868548779424175,0.8317829608200055,1.9551858722219218,5.946536834977514,3.7140767497724827,0.9146280512988899,1.9057656137026928
2021-12-03,-0.8739504414281285,27.95,0.7891249764314784,0.9205048346615414,1.9904438283898231,5.946536834977514,3.7285380772886585,0.9185442334592598,1.7378807073886777
2021-12-06,1.1773690221109412,30.67,0.8078536045502301,0.9111019070261942,1.7712469549381127,5.946536834977514,3.5643902413768522,0.8740923789568209,1.5593998913727496
2021-12-07,2.0473928797024143,27.18,0.8633372213428729,0.9396076614582111,1.6550335871033517,5.946536834977514,3.4683722378307262,0.8480903406141389,1.502894371855394
2021-12-08,0.2644314148120941,21.89,1.0572346179652399,1.1347402580020873,2.1614844534955004,0.9711851241602297,3.7882565796813283,0.9347162296644903,1.5968507983135993
2021-12-09,-0.6774392732216583,19.9,1.0602177308365424,1.0708512809103337,1.6973793928850625,0.9711851241602297,3.141200215650908,0.7594909201805979,1.3822753660545355
2021-12-10,0.9369452667242761,21.58,1.0768518367404178,1.0341356421898988,1.4685353720818322,0.9711851241602297,2.7603537714129183,0.656356263345194,1.347128611608116
2021-12-13,-0.8897714357416042,18.69,1.0875861000416684,1.0247594896287264,1.3177330331749848,0.9711851241602297,2.358332385637946,0.5474873522927236,1.3325812178144372
2021-12-14,-0.6903839275503643,20.31,1.1252359933917897,1.0107755127227034,1.260667347278771,0.9711851241602297,2.4460853146046735,0.5712511771943669,1.3968041245786034
2021-12-15,1.5504155119009155,21.89,1.1210145487216239,0.9787267800045332,1.1370985808789933,0.9711851241602297,2.0908772556717325,0.47505949202183523,1.3692700728150173
2021-12-16,-0.8857491955409635,19.29,1.2354248586429677,1.06423046877684,1.3807950885278175,0.9711851241602297,3.174867900924638,0.7686082566286147,1.4972930070664803
2021-12-17,-1.0699989371956597,20.57,1.2653543765200748,1.0474497388943174,1.307400300439644,0.9711851241602297,3.132586818337606,0.7571583796264337,1.4678785017990112
2021-12-20,-1.0690364224707594,21.57,1.3170569431185837,1.0532966180966488,1.3401682909571322,0.9711851241602297,3.367536056781847,0.8207835215892775,1.4814709220292048
2021-12-21,1.7602977987201562,22.87,1.3660040091810426,1.0586691533649946,1.3648726725707263,0.9711851241602297,3.492176457387166,0.8545366132584856,1.4845856087673104
2021-12-22,0.9949207392414117,21.01,1.512033201955663,1.1810679045738366,1.703850473020041,0.9711851241602297,3.7530288987275346,0.9251764404889709,1.5301801545305946
2021-12-23,0.6202932210210399,18.63,1.5553850977373849,1.169595866941767,1.5215641091228602,0.9711851241602297,3.492619176805866,0.8546565033507072,1.464087076966922
2021-12-27,1.4052887836517591,17.96,1.5728709847217401,1.1225059357279403,1.2608333332228774,0.9711851241602297,2.7814506866417807,0.6620693877430542,1.3437374727414488
2021-12-28,-0.08175184529006785,17.68,1.6635255102849562,1.1736457735117103,1.3854100350171779,0.9711851241602297,3.278783495683081,0.7967489925273111,1.4710233184254087
2021-12-29,0.1278428196890502,17.54,1.4215821725408457,1.1036280289535074,1.1008849415278954,0.9711851241602297,2.246687442010317,0.5172534795005488,1.3032314445565938
2021-12-30,-0.2768582141878362,16.95,1.351577676031864,1.0383909744090598,0.8751672332865326,0.9711851241602297,1.1997242579330192,0.2337318913571688,1.05434728990112
2021-12-31,-0.2523219406104893,17.33,1.1713670755967378,0.9806865441903129,0.7324899476391434,0.9711851241602297,0.7469190161719488,0.11111052012252624,0.857137864301963
2022-01-03,0.5773054167475422,17.22,1.1149933115187345,0.9256653332417006,0.6187363437292153,0.9711851241602297,0.5549751957869145,0.059131407945975566,0.6780732499824025
2022-01-04,-0.033485759998352904,16.6,1.0208409632343114,0.8901223058995618,0.5564604289704952,0.9711851241602297,0.4915070174187096,0.04194398531145414,0.5713795076744758
2022-01-05,-1.938890420804018,16.91,0.9845234357128947,0.8367822453129481,0.45241018377983716,0.9436407626840572,0.45151674738732395,0.034647890807288306,0.45331308504104084
2022-01-06,-0.09398154897599653,19.73,1.0975281142680902,1.0121330744273063,1.3213454122118944,0.9436407626840572,3.1157012308090763,0.7913440048738112,1.884193688033179
2022-01-07,-0.39614051498597647,19.61,0.8983383489200798,0.9519350418545435,1.0488475543032894,0.9436407626840572,2.1396204412310738,0.5141122496839304,1.4131927288368595
2022-01-10,-0.12450800378820404,18.76,0.902481364847405,0.9042345778000721,0.887613936346687,0.9436407626840572,1.4136701481034326,0.3079239135407766,1.2067069550016414
2022-01-11,0.9067057930177924,19.4,0.8813660445666542,0.8509106377125072,0.7198082322460924,0.9436407626840572,0.8022226108702792,0.13425727061159456,0.9485989740497902
2022-01-12,0.26999386830794947,18.41,0.8787112332454637,0.8491829231552782,0.7289530160539873,0.9436407626840572,0.7113183003190676,0.10843813572283807,0.9841066466363997
2022-01-13,-1.3874534948063122,17.62,0.8444828275817596,0.8026057491013949,0.5937697873571485,0.9436407626840572,0.517734447199002,0.053455400738269376,0.7264681051942995
2022-01-14,0.04088916458782066,20.31,0.9134541243832063,0.8699510361703262,0.9867641825964312,0.9436407626840572,1.435244264027503,0.3140515108546073,1.4249167071633582
2022-01-18,-1.7868059323579821,19.19,0.79906763220405,0.817854289426948,0.7851149181064342,0.9436407626840572,0.7827971349389155,0.1287399416718671,1.1729827597969893
2022-01-19,-1.0438089976051224,22.79,0.9137401942282504,0.960343558455912,1.4400061481056516,0.9436407626840572,3.3045028662975713,0.8449684684920582,1.5222704108258989
2022-01-20,-1.1129680339879933,23.85,0.9111039798416585,0.9680951783574419,1.4285557129233817,0.9436407626840572,3.3715923298441064,0.8640235814830584,1.4712827316127102
2022-01-21,-1.9825819547880208,25.59,0.9156686927992784,0.9843313383367414,1.4568885864476293,5.835609977722057,3.449841822997067,0.8862484265585288,1.4596005474397975
2022-01-24,0.4237811152534299,28.85,0.9552869245741386,1.1611093304836024,2.1310657243564393,5.835609977722057,3.6216542541330794,0.9350475242929185,1.5604883915845031
2022-01-25,-1.2284206525872143,29.9,0.9167023129680797,1.1022181966733127,1.6842036674131242,5.835609977722057,3.051431635598698,0.7730898061683745,1.3525976157621773
2022-01-26,-0.251190547832536,31.16,0.9702381996184675,1.1266261428550817,1.7193166600667742,5.835609977722057,3.416792206697681,0.8768614954429269,1.4542576065501227
2022-01-27,-0.49503781944864045,31.96,0.8792029675167041,1.062814375763001,1.3728285567901766,5.835609977722057,2.7111120037368117,0.6764303801515642,1.3087014578695075
2022-01-28,2.453203834898332,30.49,0.8905543522060438,1.013749259778289,1.1600744347716427,5.835609977722057,2.065022420998306,0.4929245157344061,1.2212212663613318
2022-01-31,1.785080399751049,27.66,1.1763574602543219,1.3140168475251848,2.1806802178932916,5.835609977722057,3.6189734956084068,0.934286120729842,1.5901455447811599
2022-02-01,0.6734381398381117,24.83,1.3244461061025163,1.4263665586881957,2.346372959850086,0.9436407626840572,3.6084546225843774,0.9312984934123,1.5799393753601074
2022-02-02,0.96671510927413,21.96,1.3430105140299056,1.3679957008582209,1.9002031370261103,0.9436407626840572,3.155065465693869,0.8025244481786485,1.3955243667907578
2022-02-03,-2.378566542209448,22.09,1.3716417787105168,1.3419882449566611,1.6552218111776125,0.9436407626840572,2.8476132045907643,0.7152001909114178,1.3575894877470742
2022-02-04,0.46911810720962066,24.35,1.6409968977388762,1.6009236780023544,2.6941774062088504,0.9436407626840572,3.623323015662187,0.9355214949853524,1.6584836041501403
2022-02-07,-0.32145658930993193,23.22,1.4724624089115597,1.5180725652329292,2.1223370685007543,0.9436407626840572,3.0739224244713963,0.7794777619004803,1.3858348878985505
2022-02-08,0.819444031268457,22.86,1.4769624949716953,1.4331882716475999,1.693576734727887,0.9436407626840572,2.26434707346939,0.5495377836597612,1.2043618562080982
2022-02-09,1.4529848376853671,21.44,1.5014654098654165,1.3874862865716338,1.4437518801469575,0.9436407626840572,1.7127450621546751,0.3928687913019045,1.1505978331171165
2022-02-10,-1.8128944088241283,19.96,1.601258871557619,1.4309070056899502,1.5522413925618483,0.9436407626840572,2.6422098399490226,0.6568604142151094,1.4170222499356462
2022-02-11,-1.991590129294618,23.91,1.718614621198274,1.5422477536013004,2.049649814362091,0.9436407626840572,3.6003278394765537,0.9289902804353767,1.5267277695392296
2022-02-14,-0.327443214741141,27.36,1.9040210285401724,1.687698762971448,2.5932605913991598,5.835609977722057,3.6225834419038665,0.9353114372388003,1.6261423993784483
2022-02-15,1.5998164180759389,28.33,1.8174587360939707,1.5928699807259619,2.0551219271855357,5.835609977722057,3.138845069087603,0.7979174432370031,1.3926228475669622
2022-02-16,0.11202094793043571,25.7,1.9392559097970488,1.650862536175124,2.115681866759627,5.835609977722057,3.500647432466129,0.9006785110730382,1.486673645161548
2022-02-17,-2.1592850665825836,24.29,1.7878213027906464,1.5525637055711305,1.6483479394406455,0.9436407626840572,2.726596291823729,0.6808283115626084,1.2992668684691133
2022-02-18,-0.649609794239403,28.11,1.9579629587566056,1.7391606031628561,2.4523072573600366,5.835609977722057,3.621278858064664,0.9349409022673141,1.5792213803365718
2022-02-22,-1.0789608617688629,27.75,1.9190722463800658,1.6601305400593902,2.0334407173255618,5.835609977722057,3.3327318638399173,0.8529862213455889,1.43538120630537
2022-02-23,-1.789802462530421,28.81,1.787335357512347,1.6303721001295672,1.9012854849143317,5.835609977722057,3.411347335737082,0.8753150136872088,1.4497242567199289
2022-02-24,1.4937102010836867,31.02,1.9313259489997052,1.7247533454145907,2.2967730704270344,5.835609977722057,3.6164627812754135,0.9335730140395473,1.5262332914177488
2022-02-25,2.182401024824454,30.32,1.9657141806720229,1.7551383545790034,2.2305686872240704,5.835609977722057,3.569188681109185,0.9201459679343045,1.4976518808750603
2022-02-28,-0.25617912120070585,27.59,2.1895131112355664,1.935602507293553,2.725976124255547,5.835609977722057,3.621527272944991,0.9350114584077727,1.5902752037109198
2022-03-01,-1.534752231281189,30.15,2.18096860168579,1.8234040213842897,2.144011850033261,5.835609977722057,3.0989855824674812,0.7865963358505527,1.371207643609574
2022-03-02,1.82293920455594,33.32,2.006552190060205,1.8553276447865876,2.277846344324594,5.835609977722057,3.571671755520434,0.9208512241842458,1.4999089284040645
2022-03-03,-0.49910495658789245,30.74,2.01305672862838,1.943394426709815,2.4501641606595257,5.835609977722057,3.6081890360279956,0.9312230600793558,1.5238817162029674
2022-03-04,-0.8157625178315975,30.48,2.003322768128475,1.841737106568662,1.9856485132358592,5.835609977722057,3.218664656239217,0.8205882349182333,1.3908259847313234
2022-03-07,-2.992274950398066,31.98,1.9905099292237156,1.771160989304479,1.739254163166907,5.835609977722057,3.07553952518435,0.7799370596079629,1.3834310028495878
2022-03-08,-0.7610448930254421,36.45,2.1474685284171224,2.2021138926729957,3.5371953020401783,5.835609977722057,3.623780889614348,0.9356515428264417,2.1093698682734496
2022-03-09,2.645760478204462,35.13,2.164569363211797,2.1047384188646223,2.9045142503559784,5.835609977722057,3.399740386777063,0.872018345146097,1.6502295811373007
2022-03-10,-0.45258400767576035,32.45,2.492984323650746,2.3984570242144674,3.730796146719663,5.835609977722057,3.6236046692197688,0.9356014917550437,2.178675827041552
2022-03-11,-1.2796646623414176,30.23,2.4707625981089527,2.2668395398018304,2.9535218864667847,5.835609977722057,3.214281393221051,0.8193432768031265,1.5877569626110422
2022-03-14,-0.7335151965691011,30.75,2.448209108085229,2.229081666296443,2.7222976099067084,5.835609977722057,3.4941130028575826,0.8988225669658652,1.576247480047695
2022-03-15,2.175230446616716,31.77,2.3173261750400873,2.127619438934525,2.2702724615141316,5.835609977722057,3.249922094176039,0.829466141823573,1.4456464272652738
2022-03-16,2.1931749105743137,29.83,2.3537640918393543,2.283859922351755,2.749561516836376,5.835609977722057,3.6182127480616084,0.9340700490891466,1.5806998598309896
2022-03-17,1.2433485455130011,26.67,2.577706812291385,2.435429298313009,3.1334144087003484,5.835609977722057,3.6220620852343073,0.9351633586923058,1.681089588262648
2022-03-18,1.0893097615656266,25.67,2.5294450520096694,2.382058476751986,2.725902705567284,5.835609977722057,3.4965561867074944,0.8995164932824106,1.5353742177498269
2022-03-21,-0.02923722123995276,23.87,2.5853520550509512,2.3103307135453965,2.3390619115542153,0.9436407626840572,3.317750356874343,0.8487310925531749,1.4505625302243845
2022-03-22,1.1633552299901595,23.53,2.363368379638536,2.1717621596390226,1.8229694969601027,0.9436407626840572,2.4161467532145706,0.5926527512960085,1.2539665816060344
2022-03-23,-1.2962081461498798,22.94,2.4077208799420453,2.1226601535294085,1.6827509344405076,0.9436407626840572,2.519219968097552,0.62192816433577,1.351395084583695
2022-03-24,1.4961825938867968,23.57,2.4322922616999643,2.0961098778063625,1.7602477461320092,0.9436407626840572,3.3098568273756634,0.8464891295303105,1.455340533499787
2022-03-25,0.48717096789570036,21.67,2.3863479521461484,2.10465702639297,1.8215469577178,0.9436407626840572,3.489461901012629,0.8975015358157685,1.465907202665322
2022-03-28,0.708786460853883,20.81,2.291403446771813,1.9926177379270178,1.4576494516414529,0.9436407626840572,2.8155339555582413,0.7060888687653232,1.326037351146262
2022-03-29,1.2295051513604882,19.63,2.088522685530621,1.903203368476783,1.2296243763036272,0.9436407626840572,2.091935475149284,0.5005685072148877,1.2276115988330774
2022-03-30,-0.6194133353480069,18.9,2.1573824557726593,1.8797121414014948,1.2617777890119708,0.9436407626840572,2.393482749846076,0.5862155982441657,1.3640327245939126
2022-03-31,-1.5510889714765774,19.33,2.0634876209433424,1.7899497857178215,1.1122572075853738,0.9436407626840572,1.953829043283462,0.4613427700443747,1.3140691801342825
2022-04-01,0.28302108854036945,20.56,2.019809985416163,1.8269054184209284,1.5004804048843798,0.9436407626840572,3.4262117613658427,0.8795368884038831,1.4772853500366945
2022-04-04,0.8529885524581005,19.63,2.011762136790828,1.7220971495091872,1.1852665420495077,0.9436407626840572,2.6009841430781138,0.6451512683898041,1.3110580131787868
2022-04-05,-1.2711625423604822,18.57,2.014720278939667,1.6624266887761099,1.0660294784407203,0.9436407626840572,2.0846348406854314,0.4984949414526841,1.267035975729362
2022-04-06,-1.0049884333039216,21.03,1.66529860419303,1.659632339995565,1.2935807997774236,0.9635505240127864,3.014969659928949,0.8463373663957318,1.50140528730295
2022-04-07,0.5026516353650479,22.1,1.6858134814251517,1.6206545046603114,1.2990148359523266,0.9635505240127864,3.091607506744327,0.8704387736682799,1.4975061729544619
2022-04-08,-0.26775965839709315,21.55,1.3645092032587929,1.5385747543728021,1.074109282225317,0.9635505240127864,2.4764462879155036,0.676980166865465,1.3755529973808536
2022-04-11,-1.724000219899935,21.16,1.358169343766463,1.4505619831903296,0.891732770553005,0.9635505240127864,1.691081241077737,0.42999511133461593,1.2153022955005932
2022-04-12,-0.37122872028607645,24.37,1.4217233966316847,1.5418588696918114,1.4452959970597048,0.9635505240127864,3.256451835911827,0.9222797436188956,1.5481907620340396
2022-04-13,1.1388577067712902,24.26,1.402664645163467,1.4576159832762168,1.1997916773055004,0.9635505240127864,2.8560695905601565,0.7963657734213196,1.4297639519506427
2022-04-14,-1.2529832743623182,21.82,1.2391108061341338,1.4479788368559856,1.1983867303853302,0.9635505240127864,2.8506904126492145,0.7946741058835373,1.4543366727209057
2022-04-18,0.04110553895602109,22.7,1.0848227536321846,1.4552981317945295,1.3577472160027155,0.9635505240127864,3.192488719866289,0.9021643414475831,1.512427313378148
2022-04-19,1.6013673415923968,22.17,1.0112881850466402,1.3680816238068294,1.0844315577553978,0.9635505240127864,2.5551339503758816,0.7017262091812289,1.3653609753386886
2022-04-20,-0.07417159128149109,21.37,1.076896832955047,1.4398593681415417,1.3661858655901697,0.9635505240127864,3.165682834008352,0.8937343085172484,1.5143613920592673
2022-04-21,-1.506645615661828,20.32,1.077118100090637,1.3537978915502429,1.0966969383374487,0.9635505240127864,2.5317604904144693,0.6943756206494857,1.3702628388766889
2022-04-22,-2.7822681421102224,22.68,1.1207650343786155,1.4087688787288088,1.442285149828451,0.9635505240127864,3.255315174500505,0.9219222813369599,1.5275749998883295
2022-04-25,0.5780723588601155,28.21,1.4093774370670042,1.7887037068811689,2.961824704501404,5.403372553275398,3.336439781945266,0.9474347048339551,1.8656884187595568
2022-04-26,-2.9388265248110557,27.02,1.3186919750588268,1.7014315435929845,2.3844740010357857,5.403372553275398,2.973342082016629,0.8332461425327822,1.5209652199381423
2022-04-27,0.28077291544121863,33.52,1.7186617746289503,2.1175477315533873,3.898489673800919,5.403372553275398,3.3364410530704283,0.9474351045829892,2.355395985424704
2022-04-28,2.494569694024129,31.6,1.698492973817312,1.9952248734629057,3.071036495918099,5.403372553275398,2.8838291847477455,0.8050957327434739,1.6213312700187865
2022-04-29,-3.765585197252541,29.99,1.922835594823105,2.24888405855575,3.6766975692631094,5.403372553275398,3.3357542288666773,0.9472191090853713,2.0256836168494834
2022-05-02,0.6001529745510936,33.4,2.579786023287892,2.964728927708453,6.152493468515751,5.403372553275398,3.3364429323167073,0.9474356955766277,8.71325796109473
2022-05-03,0.4573636383483404,32.34,2.482372051641523,2.8084562076176973,4.875507097224022,5.403372553275398,2.9825828413054505,0.836152217173214,4.632432801198572
2022-05-04,2.999843352792464,29.25,2.4885187450284114,2.652499725021629,3.8534285288361994,5.403372553275398,2.2692750575023752,0.6118280467730225,2.2863062891759585
2022-05-05,-3.618999326977068,25.42,2.882398300774533,3.0332933499979196,4.872226577273281,5.403372553275398,3.336405299626333,0.9474238606825751,5.148086034291993
2022-05-06,-0.5986848551346569,31.2,3.4291269636107296,3.6371251167176735,6.84117747420801,5.403372553275398,3.336442931855771,0.9474356954316704,12.577662719866424
2022-05-09,-3.2540876953343734,30.19,3.3980994305008685,3.4404030230606693,5.462268677872124,5.403372553275398,3.106280998169442,0.8750533578149209,8.617314460183971
2022-05-10,0.2307896081886085,34.75,3.8903102906147455,3.869324045412624,6.737073296467619,5.403372553275398,3.3364428650109446,0.9474356744100153,12.909007621551996
2022-05-11,-1.6013785778308254,32.99,3.88943260530917,3.6403604332827375,5.279467328368063,5.403372553275398,2.8770816698062056,0.8029737445556347,8.533510456094392
2022-05-12,-0.10444666331919095,32.56,3.8700153001339532,3.575803608257902,4.770019526940747,5.403372553275398,3.3076533941102753,0.9383818349276803,7.110711266676174
2022-05-13,2.3626408294243895,31.77,3.8639723640726813,3.3619099380911384,3.7515335945330013,5.403372553275398,2.8383792213392343,0.7908024282712097,3.4710064703220587
2022-05-16,-0.4065687801610096,28.87,4.068023545624625,3.49511964313746,4.072377033410736,5.403372553275398,3.3346159632832197,0.9468611423163241,4.36591207609964
2022-05-17,2.0361701280183553,27.47,4.001134549775572,3.295330354929309,3.2543994304415844,5.403372553275398,3.014042655154339,0.8460458378553971,2.3946351226081304
2022-05-18,-4.114655136199197,26.1,4.19848212715183,3.3463698610476076,3.3846765665813536,5.403372553275398,3.327397740610124,0.9445911238899543,2.465376266150269
2022-05-19,-0.6143559653155606,30.96,4.882577818920009,4.161410882775778,6.541233213612125,5.403372553275398,3.3364429324255047,0.9474356956108427,12.156191533587432
2022-05-20,0.04363478850200053,29.35,4.900288858308845,3.93437222493636,5.233359839182596,5.403372553275398,3.113423331689614,0.8772995102865674,8.110361089396926
2022-05-23,1.8537480089779734,29.43,4.792285190860017,3.698424131126235,4.104376158904658,5.403372553275398,2.4003311924457744,0.6530431567361993,3.8962988675986
2022-05-24,-0.7663215729745154,28.48,4.587302603535653,3.682701584106049,3.8995004745783093,5.403372553275398,3.268313797903132,0.9260101456184799,3.670175553908488
2022-05-25,0.8796054669070408,29.45,4.59935408454175,3.496974414252054,3.2271232142055415,5.403372553275398,3.114205639383015,0.8775455338521372,2.3106750364398474
2022-05-26,1.9784561682662627,28.37,4.22492572427888,3.3335782960416953,2.674627678019171,5.403372553275398,2.82656526515427,0.7870871233488287,1.7180187883838929
2022-05-27,2.425242147048312,27.5,4.407566456645807,3.368420926864243,2.884658090058046,5.403372553275398,3.3180433758571914,0.9416493221033054,1.808186350623534
2022-05-31,-0.5626561158787347,25.72,4.391324623954181,3.519223639561559,3.4597923252035896,5.403372553275398,3.336160093217533,0.947346747092229,2.044751079696198
2022-06-01,-0.8121423242069881,26.19,3.731179387143147,3.3270651354720098,2.8167141894308045,5.403372553275398,3.0892754956740864,0.8697053925660765,1.6207676026334856
2022-06-02,1.8864107365105909,25.69,3.7454361281862805,3.167015736629789,2.4011286064651594,5.403372553275398,2.9858644553546174,0.8371842335984774,1.5117106313143531
2022-06-03,-1.6547531022132134,24.72,3.904929650526242,3.190507520441347,2.5976153777368984,0.9635505240127864,3.31497893893183,0.9406856044955145,1.5922224658248463
2022-06-06,0.30402220479448516,24.79,3.606793826144866,3.163369538971921,2.72048976049906,0.9635505240127864,3.3307861800484417,0.9456567352336288,1.6007838216672587
2022-06-07,0.9546297588453712,25.07,2.9875211295899913,2.979113136694092,2.155094451531018,5.403372553275398,2.8743653878071984,0.8021195162409631,1.4119675477976652
2022-06-08,-1.0931520899717384,24.02,3.0138494353378755,2.8550454270808365,1.8662029933241913,0.9635505240127864,2.636647687498156,0.7273610078913767,1.3899520309257631
2022-06-09,-2.4070281078071076,23.96,2.5665110907132567,2.755441590964561,1.789389605926075,0.9635505240127864,2.979869008617077,0.8352987591285274,1.4823928617049935
2022-06-10,-2.942428790530549,26.09,2.8398692082620958,2.9377421542130957,2.790635122807925,5.403372553275398,3.3362946320425553,0.947389057453892,1.6672060562915307
2022-06-13,-3.8707595060083477,27.75,3.130034629110076,3.2809508562008944,4.219768790364549,5.403372553275398,3.336442427613373,0.9474355368553024,2.56632220318198
2022-06-14,-0.30179801779892657,34.02,3.842980821866051,3.9830605540300805,6.755750361399604,5.403372553275398,3.336442932394796,0.9474356956011853,11.201841950939533
2022-06-15,1.4155544467100434,32.69,3.5815051244700604,3.749541843401117,5.324727310433672,5.403372553275398,2.9718283967311585,0.8327701121240015,6.619335486358006
2022-06-16,-3.365590634314941,29.62,3.6690525634509634,3.644796996293085,4.5555916513163615,5.403372553275398,3.165969703728741,0.8938245245691413,4.593311024926384
2022-06-17,0.21533434850136146,32.95,4.01101501714402,4.105741195582807,6.1966826711980705,5.403372553275398,3.3364429142627583,0.9474356898989424,11.32759236510908
2022-06-21,2.486192310326274,31.13,3.207014159610404,3.8621788567465085,4.857520392393871,5.403372553275398,2.875554480407361,0.8024934673138623,6.545327528839575
2022-06-22,-0.18146018766636018,30.19,3.483381728744055,4.001317257577248,5.060011842620659,5.403372553275398,3.3357010764146913,0.9472023934684003,8.133965942635065
2022-06-23,0.975495970780571,28.95,3.484859052788831,3.7632138901050873,3.985564785779884,5.403372553275398,2.925374240697995,0.8181610047366955,4.087815022777388
2022-06-24,3.1298726514578767,29.05,3.3665357531802265,3.5945166000393294,3.300494400653422,5.403372553275398,2.7159756474610823,0.7523084137830468,2.489317631082441
2022-06-27,-0.38268045878426804,27.23,3.805052613234409,3.9666117728976076,4.610197124120188,5.403372553275398,3.336436542880474,0.9474336861986075,5.759385251205468
2022-06-28,-2.0644671110858326,26.95,3.7751830206688184,3.737401726535871,3.6683568393028487,5.403372553275398,3.0065690579945916,0.8436955081368189,2.972325675805421
2022-06-29,-0.08146273725566644,28.36,3.7917418608118774,3.7688790901090243,3.9053630776295734,5.403372553275398,3.334931947241616,0.9469605143418879,3.422094398099463
2022-06-30,-0.8157658673513701,28.16,3.511972180132911,3.543144515356154,3.0758622845952983,5.403372553275398,2.8949922520916633,0.8086063432792159,1.9524759041791815
2022-07-01,1.0521079678261103,28.71,3.5285860870662344,3.3704842814549165,2.6045079921949412,5.403372553275398,2.8226555338213353,0.7858575738364539,1.6336637317665492
2022-07-05,0.1886807773504806,26.7,3.5498887547421805,3.2346710951254125,2.255074859134788,5.403372553275398,2.7127592076825833,0.7512968936491895,1.5116227296342288
2022-07-06,0.3371544204135546,27.54,3.382129467547854,3.0427268555623823,1.784858247623299,5.403372553275398,1.7860576226116966,0.459863701694902,1.2559733722437134
2022-07-07,1.4866292762524935,26.73,3.2571516234488134,2.8669836304209033,1.4292699883135338,5.403372553275398,1.0149737839961812,0.21736986336301362,0.993958163349515
2022-07-08,-0.08229789453624292,26.08,3.35799148554419,2.8275686088963097,1.5944467218308516,5.1384929769296726,2.1003749011229127,0.5647724906570742,1.535138775941156
2022-07-11,-1.1489482139976914,24.64,3.314917912542853,2.658320868969237,1.2806128229657734,0.9810492600762248,1.2518070992985446,0.2948665440388861,1.306590888870417
2022-07-12,-0.8888231191813922,26.17,3.320875079525658,2.5780265367379918,1.362771898207487,5.1384929769296726,2.1040493972505683,0.5659412462397719,1.5550099465674558
2022-07-13,-0.5265444130309049,27.29,3.0825999474027,2.4707453367651926,1.3017526915856081,5.1384929769296726,2.2829710197721313,0.6228512654430928,1.5623313481713703
2022-07-14,-0.24314218917522723,26.82,2.6835219393813183,2.3391355576929245,1.1280693514482059,5.1384929769296726,1.8117651744436607,0.47297371946270966,1.4794701025236057
2022-07-15,1.8924702692782347,26.4,1.972871414181458,2.2023345116807644,0.9330908562747557,5.1384929769296726,1.120338184422136,0.2530499186091985,1.3032503305595586
2022-07-18,-0.8291260067552209,24.23,2.1390791130650135,2.285081064186041,1.454354859824802,0.9810492600762248,3.033673135758567,0.8616288443330501,1.6551272558518235
2022-07-19,2.666068443231495,25.3,2.0763960437067888,2.18922319643955,1.348872921345629,5.1384929769296726,2.97168390722719,0.84191178534151,1.5968040459855461
2022-07-20,0.6353086289768051,24.5,1.8754779782880442,2.484345061292866,2.5112654310738973,0.9810492600762248,3.326140257968889,0.9546545463513935,1.912421235241267
2022-07-21,1.0131595697952633,23.88,1.8924897960217526,2.359501380858437,2.055361481487619,0.9810492600762248,3.032487382862178,0.8612516891342941,1.616327757260852
2022-07-22,-0.9321573343726186,23.11,1.6470298012570967,2.2795208368389943,1.81728358252808,0.9810492600762248,2.885022663481174,0.8143472407310617,1.5538037393661672
2022-07-25,0.1214375727315975,23.03,1.6868388248912285,2.1948846243901343,1.6767877975660759,0.9810492600762248,2.957857191394592,0.8375138894781571,1.5724921963258796
2022-07-26,-1.190145915679608,23.36,1.6422271437036953,2.064076371970983,1.3384686075006025,0.9810492600762248,2.168530608265282,0.5864509359317404,1.3702117331414325
2022-07-27,2.5634941118790167,24.69,1.2431959287639285,2.025218627689255,1.4306570556226714,0.9810492600762248,2.879045767361967,0.8124461553947752,1.5779992226537551
2022-07-28,1.2463992257352174,23.24,1.5491510586735975,2.2979956337262033,2.463526562712453,0.9810492600762248,3.3258813022550915,0.9545721797014752,1.8514427084648606
2022-07-29,1.447359182112784,22.33,1.4201742290144672,2.253326557497432,2.2415513572713395,0.9810492600762248,3.250255041627172,0.9305175579964237,1.7113665570105756
2022-08-01,-0.2965468444103614,21.33,1.5196129158947054,2.2438178801703574,2.1764396726826707,0.9810492600762248,3.267262851454742,0.9359272718714293,1.6809281460266776
2022-08-02,-0.66192298600809,22.84,1.4921113006849058,2.11446520921592,1.763079687791653,0.9810492600762248,2.8903580565255957,0.8160442816830501,1.512948437746601
2022-08-03,1.5538287931341266,23.93,1.4602641989440812,2.013885819027317,1.52997543734611,0.9810492600762248,2.6540678866503993,0.7408869143641127,1.4714942077146937
2022-08-04,-0.06760051919876275,21.95,1.5735396028788942,2.037915704988037,1.6835601246137646,0.9810492600762248,3.1525116430345617,0.8994280864584997,1.617606985212398
2022-08-05,-0.16916247027634057,21.44,1.5683442089261104,1.9159149525005115,1.3493639646150577,0.9810492600762248,2.5604841902272746,0.7111205290301325,1.4530369575786932
2022-08-08,-0.11616161600924713,21.15,1.4644656058946335,1.8026770118314803,1.0968598524379958,0.9810492600762248,1.7324143387726294,0.44773441345712217,1.2458280577292218
2022-08-09,-0.39789822505182926,21.29,1.4647856333988611,1.6953260023836243,0.8935298314381143,0.9810492600762248,1.0067455606956996,0.21691924694122827,0.9764043647985958
2022-08-10,2.0786556428518566,21.77,1.4094637762108095,1.6031058220905705,0.7771352863772545,0.9810492600762248,0.718685036119504,0.1252951617450732,0.8300185204632522
2022-08-11,0.0,19.74,1.5775972402283585,1.7661680296587283,1.48443205068833,0.9810492600762248,3.069485127363299,0.8730196483130936,1.719831738564484
2022-08-12,1.6787304859120056,20.2,1.5643949059953077,1.6601979478792046,1.1895433631876526,0.9810492600762248,2.3809745306875802,0.6540234715162794,1.4928997369739863
2022-08-15,0.4112296395096138,19.53,1.6957767117178522,1.729674233666274,1.4989873533310483,0.9810492600762248,3.171931231879233,0.9056049205297291,1.6512518235585654
2022-08-16,0.1957068946678575,19.95,1.5332846210659081,1.63604036863097,1.2205905114311333,0.9810492600762248,2.6248212605490373,0.7315843715545634,1.484827507054806
2022-08-17,-0.7123461462821723,19.69,1.5023727759965118,1.5401760178303439,0.9830063418598717,0.9810492600762248,1.709476039071784,0.4404383747890774,1.2475183938245586
2022-08-18,0.29022421976190316,19.9,1.1880640182883337,1.478211678687907,0.9357432962626773,0.9810492600762248,1.5735482992044507,0.39720352045959756,1.292670256361825
2022-08-19,-1.3529311011407863,19.56,1.17285511560662,1.3945727838308166,0.7658285108878449,0.9810492600762248,0.8863643237822857,0.17862930518957518,1.0058176163373571
2022-08-22,-2.104235598503301,20.6,1.2111375084907292,1.420723770667009,1.078182311676748,0.9810492600762248,2.2262128935434844,0.6047980754032611,1.571790118907598
2022-08-23,-0.2421916385546119,23.8,1.3806084683947237,1.6011487916675016,1.9158699226398386,0.9810492600762248,3.3221578269200225,0.9533878451876502,1.8000045233450115
2022-08-24,0.3196088773365524,24.11,1.3826994067620961,1.5085992715545975,1.550309506579669,0.9810492600762248,2.9819624613211215,0.8451811090969301,1.5554248078664894
2022-08-25,1.4018624851008354,22.82,1.3201138131365477,1.4242123053296614,1.250097606068955,0.9810492600762248,2.241268716349099,0.6095869161979843,1.3141767642919118
2022-08-26,-3.443510861471033,21.78,1.1007669733982002,1.456672672637867,1.3733188371788045,0.9810492600762248,2.8191103881172985,0.7933823690524546,1.5592840801996573
2022-08-29,-0.6634468173452035,25.56,1.5914458316437066,2.0807383354637343,3.809836663445619,5.1384929769296726,3.326303920557994,0.9547066028941276,3.4447804637713877
2022-08-30,-1.1038410988757796,26.21,1.512651216281768,1.982303736102639,3.1344103562446204,5.1384929769296726,3.154171808836334,0.8999561392803332,2.321674348226856
2022-08-31,-0.76381502150209,26.21,1.5664857467883178,1.9364734222305178,2.7916510324388755,5.1384929769296726,3.215615384153353,0.9194996410769976,1.9971972617402116
2022-09-01,0.3132999770067535,25.87,1.5734034300105262,1.855289820121021,2.3716411619082463,5.1384929769296726,3.085072236718908,0.8779774766641364,1.7239394860968411
2022-09-02,-1.0600430295528263,25.56,1.4631069041638485,1.7498618434493056,1.8931278726525516,5.1384929769296726,2.4203850892281777,0.6665588801032918,1.437537007195207
2022-09-06,-0.3780169307726844,25.47,1.5163983991308767,1.7122916063125593,1.7966141095407973,5.1384929769296726,2.824632651737592,0.7951388483658414,1.5707596489206672
2022-09-07,1.780544182259458,26.91,1.5218403447785342,1.6181279179308536,1.4806778656512076,5.1384929769296726,2.2416084592789063,0.609694979026764,1.430821621029419
2022-09-08,0.6514874904276269,24.64,1.6721662525853969,1.7112604979536825,1.7991382188949596,0.9810492600762248,3.2084076280643687,0.9172070532295588,1.6489128216911504
2022-09-09,1.5415929437518017,23.61,1.6848382979513157,1.6340510250874827,1.5011425665301112,0.9810492600762248,2.82412536403401,0.7949774941787644,1.5228555450256704
2022-09-12,1.0690383001143111,22.79,1.5922525609353866,1.6785984918357546,1.6532751686033027,0.9810492600762248,3.1897097951130107,0.9112597897444312,1.6224697714035567
2022-09-13,-4.445613180523811,23.87,1.646673650797829,1.6464531555522872,1.525059872059144,0.9810492600762248,3.0782716324449204,0.8758143925473456,1.5810368386450566
2022-09-14,0.38084201977568455,27.27,2.453594627298623,2.7334745592699727,5.680467164655433,5.1384929769296726,3.326303939167887,0.9547066088134196,8.441794178057268
2022-09-15,-1.1418254056872357,26.16,2.4524484762327,2.5781685243553834,4.493439854668736,5.1384929769296726,2.951810775096472,0.8355906916958664,5.108560337764732
2022-09-16,-0.7658100568104231,26.27,2.512708669968523,2.5017043283184295,3.876670783707682,5.1384929769296726,3.159370701018021,0.9016097630834605,3.7994621628481475
2022-09-19,0.7725108789211177,26.3,2.516471908587043,2.386789971206043,3.2226561917812986,5.1384929769296726,3.032975938126049,0.8614070850504327,2.553887087037581
2022-09-20,-1.154492423900777,25.76,2.5408787162210937,2.2793889564167693,2.648976645547432,5.1384929769296726,2.6483380173097553,0.7390644014133972,1.8498293167243463
2022-09-21,-1.7597867362157515,27.16,2.5171849158596777,2.2225967844424206,2.4380777026706175,5.1384929769296726,3.0517887724451924,0.8673909272897481,1.7944203723210141
2022-09-22,-0.8435252549410244,27.99,2.453805958857409,2.2750519387935286,2.6793968725908504,5.1384929769296726,3.3185210539461543,0.9522310882967605,1.8773121721748742
2022-09-23,-1.689673738095454,27.35,2.4848953905687208,2.181240913809316,2.314677766656188,5.1384929769296726,3.210153341687171,0.917762316447034,1.6933624557624543
2022-09-26,-0.994183476449173,29.92,2.615983367080013,2.2216662994533247,2.52748018038422,5.1384929769296726,3.3196199347188715,0.9525806118758349,1.7671188913560354
2022-09-27,-0.2556217203100175,32.26,2.5694682412567493,2.147670368576799,2.261737952892129,5.1384929769296726,3.2528371894463297,0.9313388677962292,1.6708033652444618
2022-09-28,1.9485202712708372,32.6,2.007924213200811,2.0227306942958463,1.8233478941948336,5.1384929769296726,2.8424435134817325,0.8008039908433223,1.4939479362947679
2022-09-29,-2.111008397609293,30.18,2.1677608593011866,2.129170727491298,2.1962705071480806,5.1384929769296726,3.30598758808232,0.9482445394775479,1.6858533677902958
2022-09-30,-1.558448099628329,31.84,2.321946158501647,2.2688018711284377,2.7985122555267625,5.1384929769296726,3.32597224993762,0.9546011076437008,1.8614384932236048
2022-10-03,2.605877101551357,31.62,2.4098198295570237,2.2783993876148405,2.809010380831042,5.1384929769296726,3.3193322365496134,0.9524891030458427,1.8398648428212674
2022-10-04,3.051634041827178,30.1,2.7285073815949894,2.5491311524613325,3.589324070561318,5.1384929769296726,3.3262364763119683,0.9546851507449552,2.266487749270526
2022-10-05,-0.23309973335257084,29.07,3.1184492435347475,2.9549315028279617,4.728060253267073,5.1384929769296726,3.326302007903081,0.9547059945315031,4.082585208972815
2022-10-06,-1.036918164073164,28.55,3.1142320380937116,2.7808957417996263,3.7191210505091976,4.855737926783692,2.892652619025723,0.8682244337071795,1.770391152797612
2022-10-07,-2.8290451463244715,30.52,3.014463547332134,2.6785539540307406,3.242223340449218,4.855737926783692,2.996495156912231,0.9032730191968815,1.8327763816916023
2022-10-10,-0.7664696487069911,31.36,3.3753711897015797,2.998050503185419,4.350331408814557,4.855737926783692,3.1672079722064117,0.960891436685532,1.888670410766769
2022-10-11,-0.6352958065416026,32.45,3.2901791381855636,2.853416016337635,3.633950683924587,4.855737926783692,3.0597720721818904,0.9246300316456445,1.844820159223086
2022-10-12,-0.33039480393535214,33.63,3.254977132218804,2.7064271010659375,3.021510980091516,4.855737926783692,2.888599352316859,0.8668563887070326,1.7877856976200888
2022-10-13,2.6048952076098253,33.57,2.319057331057873,2.55059111859003,2.4623980783035377,4.855737926783692,2.421117629349215,0.7090735237484375,1.6283074239432311
2022-10-14,-2.3052690568063916,31.94,2.635268683372245,2.8046843940323467,3.271087358410873,4.855737926783692,3.1667386796300354,0.9607330426273977,1.8931813333001912
2022-10-17,2.5372417122206947,32.02,2.82624488181016,2.955259255846548,3.8025879346594738,4.855737926783692,3.1671539232220765,0.9608731942534164,1.8937139756412533
2022-10-18,1.1681169066307895,31.37,3.104870141958761,3.1641994308697114,4.268340601455085,4.855737926783692,3.1671341425968533,0.9608665179630609,1.8969002128865529
2022-10-19,-0.711170042596887,30.5,3.141428430030438,3.05621729147093,3.6531344721875163,4.855737926783692,3.091506253001621,0.9353408460386978,1.8612196692427423
2022-10-20,-0.8420847361908734,30.76,3.1020431953943883,2.9031900237519093,3.0606087163076183,4.855737926783692,2.964197779103608,0.8923721164429841,1.8157537763471543
2022-10-21,2.401094086587374,29.98,2.988341164249854,2.7715450245023336,2.636049636080394,4.855737926783692,2.9224044942733167,0.8782661869647308,1.8121436637972943
2022-10-24,1.2162338669824635,29.69,3.2289944002937365,2.9511674917908852,3.208218438106199,4.855737926783692,3.1665494688236824,0.9606691808299396,1.8868168641677008
2022-10-25,1.5842537492231301,29.85,3.1634814230549573,2.862850931435139,2.831646361760232,4.855737926783692,3.101453676142734,0.938698266971,1.8613098347910773
2022-10-26,-0.7562715905875983,28.46,3.2359318591065276,2.8416714720646836,2.72892520644996,4.855737926783692,3.1402172768601258,0.9517816276176461,1.8770566724805322
2022-10-27,-0.5354344563439639,27.28,3.2600558712415584,2.705487986864596,2.3408730533390076,4.855737926783692,3.031274560382977,0.9150116469368692,1.8367625183694196
2022-10-28,2.351211188603397,27.39,3.092911052645701,2.5603601110751413,1.9653399446382367,4.855737926783692,2.7898734454600937,0.8335347513805312,1.7561421241597135
2022-10-31,-0.7249489930921449,25.75,3.143950938295074,2.738430147615461,2.628202063109101,4.855737926783692,3.1658868803314864,0.9604455461818863,1.8869564798936558
2022-11-01,-0.43854705835046914,25.88,3.053321917502225,2.605657401313652,2.250061826944732,4.855737926783692,3.0466683644805377,0.9202073121228911,1.8392138327695056
2022-11-02,-2.5416550295046747,25.81,2.7391184915021367,2.460857368578104,1.870061612035432,4.855737926783692,2.7526225645264106,0.8209619588473035,1.7341130951704014
2022-11-03,-1.0350163357744968,25.86,2.603287061205371,2.7008065438038025,2.932007942062265,4.855737926783692,3.167159877763258,0.9608752040102069,1.8890199086286779
2022-11-04,1.429056237151105,25.3,2.651711981663992,2.603033680094778,2.615351832960987,4.855737926783692,3.118949143993328,0.944603278665861,1.8689326483297455
2022-11-07,0.9520075110711623,24.55,2.697759717376164,2.56938376302552,2.4671664682775627,1.025273370402895,3.122126056859062,0.945675539652873,1.8710640670798686
2022-11-08,0.5380934499704892,24.35,2.35979885362349,2.469599835312143,2.1352113991627606,1.025273370402895,2.982615252444349,0.898588320341937,1.8200635184729999
2022-11-09,-2.0817231217606036,25.54,2.345611655457401,2.338796518847483,1.7609289819628307,4.855737926783692,2.5361888272183375,0.7479119689367303,1.6605499687061496
2022-11-10,5.349725103785552,26.09,2.5327531027842283,2.458482997056997,2.3921828839803547,4.855737926783692,3.165051346327558,0.9601635395441224,1.8881089228244576
2022-11-11,0.9632113307421974,23.53,3.8903911008606977,4.028147538397979,7.578733250618871,1.025273370402895,3.1672102293274538,0.9608921985014642,2.868035260064587
2022-11-14,-0.8543329644247422,22.52,3.611452863957913,3.8421252501543095,6.204403311543983,1.025273370402895,3.0372503775325774,0.9170285847207618,2.1980259993230566
2022-11-15,0.8492918435978325,23.73,3.3931490253785674,3.6553908239912167,5.141037223877883,1.025273370402895,2.9855792951983307,0.8995887341219969,1.9559779799705708
2022-11-16,-0.7657905344905735,24.54,3.120944317253291,3.479345172687852,4.2278327553995325,1.025273370402895,2.754776222517781,0.821688854277273,1.7969295167075716
2022-11-17,-0.30645587439170896,24.11,3.0838937474989416,3.305770570889502,3.536288219936506,1.025273370402895,2.6756700680872654,0.7949892100587379,1.7647399224302953
2022-11-18,0.4530182222846513,23.93,3.0642819557590335,3.113059248813083,2.8677560406400655,1.025273370402895,2.086140513294782,0.5960131697925364,1.5665355396120095
2022-11-21,-0.36427199520323583,23.12,3.040287613225524,2.938589224467614,2.3295455332953843,1.025273370402895,1.3344766394145073,0.34231409733721674,1.252933934171346
2022-11-22,1.3367228216295324,22.36,2.772070531027642,2.7702355161889183,1.9182023150184202,1.025273370402895,0.9019587565684036,0.1963321105590775,1.010959317726542
2022-11-23,0.6281752663496398,21.29,2.786718296869076,2.711231059329496,1.8640117637966434,1.025273370402895,1.4483581155533019,0.38075099163294635,1.4861516730344542
2022-11-25,-0.02238270715961832,20.35,2.685991831313166,2.5722334456849327,1.5632727245936924,1.025273370402895,0.9687554004702104,0.21887709002381608,1.232911843623122
2022-11-28,-1.6085616090854238,20.5,2.65878012973459,2.417929498078624,1.2685301647699714,1.025273370402895,0.6088250124191872,0.09739459130315473,0.8597707510931305
2022-11-29,-0.17190391592274423,22.21,2.7683411008385477,2.4281019552073158,1.6248904832737496,1.025273370402895,2.4610647990376275,0.7225563586289384,1.8565427773640413
2022-11-30,3.1014569942572123,21.89,2.5065009533573943,2.2841888952734513,1.3292520363710625,1.025273370402895,1.7103411180249577,0.46917461692041806,1.6555272480094472
2022-12-01,-0.07361795329599019,20.58,2.939524022149855,2.724279690790664,2.9307584564937343,1.025273370402895,3.1671859137658256,0.9608839915945665,1.9282870712034696
2022-12-02,-0.11541806457486814,19.84,2.9306238355146,2.561148085526073,2.3590765792510258,1.025273370402895,2.856833829236536,0.8561349957791884,1.7646724932896694
2022-12-05,-1.815316389428201,19.06,2.6236386469728763,2.408278480172321,1.9076484020914721,1.025273370402895,2.2350306568015053,0.646266072210741,1.5141285522074355
2022-12-06,-1.4519619694407737,20.75,2.729548874516046,2.46150418698558,2.2860685836744548,1.025273370402895,3.1492450725642214,0.9548286589783814,1.889571680479051
2022-12-07,-0.17027004836318582,22.17,2.7326913426951824,2.440305549408585,2.3299877370533038,1.025273370402895,3.156812854892035,0.957382911515754,1.8855668063311832
2022-12-08,0.7803417663059697,22.68,2.6909138945158344,2.2956267298062456,1.889838778281416,1.025273370402895,2.852552264826217,0.8546898965036995,1.7572810715805292
2022-12-09,-0.7498278551630655,22.29,2.7061228807701383,2.194425122352362,1.621813196765658,1.025273370402895,2.518098486824896,0.741806177854175,1.6501171713816842
2022-12-12,1.4314297514010477,22.83,2.526535769184697,2.0964941237539265,1.4581509687553784,1.025273370402895,2.43218451715629,0.7128087826443164,1.6646975319100916
2022-12-13,0.7541482941365807,25.0,1.2612706476191125,2.093643944320455,1.5481421545714267,4.855737926783692,2.886652233771074,0.8661992037787798,1.8298055024869235
2022-12-14,-0.6414100586840554,22.55,1.2441736753276345,2.0021496866341746,1.3428449966233624,1.025273370402895,2.5413009870687704,0.7496374080024699,1.7295580758382367
2022-12-15,-2.476586067477893,21.14,1.229008058626602,1.906705117238989,1.201227224838174,1.025273370402895,2.3040992440912333,0.6695778703962081,1.6794850976043192
2022-12-16,-1.1876477506350902,22.83,1.4867310069134498,2.160311523182187,2.330731400250908,1.025273370402895,3.167020857747476,0.9608282824402309,1.8914640266936955
2022-12-19,-0.8515775521940938,22.62,1.5259725324788422,2.115323262566571,2.2124909704367153,1.025273370402895,3.1394675422873797,0.9515285797164459,1.8778267966389306
2022-12-20,0.13673798292517247,22.42,1.5560329669765418,2.03191492645663,1.9651985701459753,1.025273370402895,3.0611308767662657,0.9250886508166372,1.8483433994291991
2022-12-21,1.4841850859793837,21.48,1.5471506701314226,1.9111218674276989,1.585765575861277,1.025273370402895,2.581329249924078,0.7631476131769795,1.6638441289230745
2022-12-22,-1.436885246443964,20.07,1.6457273978911506,1.9286228775486547,1.6790837366481834,1.025273370402895,2.984380355496825,0.8991840720106843,1.8403452859397447
2022-12-23,0.5736059903313162,21.97,1.658956507871299,1.9367838575826353,1.8377549160300262,1.025273370402895,3.1409237167167543,0.9520200628313099,1.880284744080284
2022-12-27,-0.39514917003904415,20.87,1.6558336348660856,1.8403182560563154,1.5310724643092892,1.025273370402895,2.85729532741138,0.8562907590970307,1.7687036534470486
2022-12-28,-1.2505775956538123,21.65,1.663245153009074,1.7392677326878891,1.289167882012224,1.025273370402895,2.424895676861979,0.7103486776875678,1.623233090252151
2022-12-29,1.7840368218236868,22.14,1.6145058136056352,1.728748328091692,1.4179721739786229,1.025273370402895,2.965155341386145,0.8926953096565196,1.841580691435664
2022-12-30,-0.26376775168950317,21.44,1.764659929096739,1.8159906713035563,1.7346666415579826,1.025273370402895,3.147198205429517,0.9541378072405786,1.8825801885033913
2023-01-03,-0.4218812036818065,21.67,1.3099236405064703,1.7112056366352228,1.4282951077736152,1.025273370402895,2.858359756584319,0.8566500216653844,1.7670693810379288
2023-01-04,0.7690568393321051,22.9,1.3181409808384952,1.61921232343831,1.212931523209572,1.025273370402895,2.4496574087636707,0.7187061744812038,1.6308679451567527
2023-01-05,-1.1478994072916748,22.01,1.3456708423857937,1.5575464893594204,1.0803248763202458,1.025273370402895,2.00650937608817,0.5691363351462333,1.4966861602351016
2023-01-06,2.2673059917854843,22.46,1.251494625982648,1.5431540829534898,1.2060180979003472,1.0354842300372336,2.658684285664066,0.8188464693511438,1.8236275880106245
2023-01-09,-0.056697027415530954,21.13,1.3958985735866496,1.759005425599462,1.9106431460881352,1.0354842300372336,3.073620229687023,0.9640693336672325,1.9251676738548942
2023-01-10,0.698823457244302,21.97,1.3946710813746572,1.6536579732385597,1.5646648868162045,1.0354842300372336,2.7991957805891188,0.8680238955449632,1.7967237763626107
2023-01-11,1.2568635670825223,20.58,1.3889292219533884,1.5837397483079387,1.3528020036367157,1.0354842300372336,2.439220664726387,0.7420366964094517,1.6612643963884415
2023-01-12,0.36341119999026006,21.09,1.4373798988048625,1.5834977249850266,1.3738698891500136,1.0354842300372336,2.6711176703397648,0.8231980126718855,1.797268392045944
2023-01-13,0.3871968744137533,18.83,1.3460978305706863,1.4964119235026265,1.1419833860109023,1.0354842300372336,2.0180381829945073,0.5946276148923341,1.5568491783781722
2023-01-17,-0.1833639982727675,18.35,1.3261541053329085,1.4156224932658157,0.9577378831215282,1.0354842300372336,1.2734437083458883,0.33402801170051455,1.2113484653313693
2023-01-18,-1.5913975617485754,19.36,1.3081643668796459,1.3327024850216211,0.807296637646766,1.0354842300372336,0.7898520957024836,0.16477644369601768,0.8826642937522576
2023-01-19,-0.7306369938930857,20.34,1.1366913978279176,1.4046931078926825,1.222227190047581,1.0354842300372336,2.6261843427113587,0.8074718587065656,1.8808153201814424
2023-01-20,1.845755044858599,20.52,1.0949448853163237,1.352441346429829,1.1373308191229503,1.0354842300372336,2.528405408340348,0.7732503430155862,1.8336242161815284
2023-01-23,1.1927217358446818,19.85,1.2226414261839469,1.4757035667812977,1.5338010092970615,1.0354842300372336,3.04210438963308,0.9530391478520742,1.9238329369398643
2023-01-24,-0.10736870968992562,19.81,1.289493229192609,1.4725164611238009,1.4915220323160847,1.0354842300372336,2.9954882314281424,0.9367240223117367,1.8971623182565505
2023-01-25,0.03745670161841019,19.2,1.1851466896867446,1.3848571558456013,1.2303828774342733,1.0354842300372336,2.625321758144202,0.8071699639120516,1.7469178263136425
2023-01-26,1.0930559442648757,19.08,1.0868973464985445,1.301849906764633,1.012760110966499,1.0354842300372336,1.908271038584326,0.556210361943618,1.4532537070417444
2023-01-27,0.22950156395769028,18.73,1.1281234162675353,1.2954251901963219,1.0310264998221292,1.0354842300372336,1.9939379676544065,0.586192813442281,1.5690034853987798
2023-01-30,-1.2626208098701852,18.51,1.1231961829949868,1.220859936856084,0.8551388395973458,1.0354842300372336,1.2060920916097264,0.3104557113499725,1.190456660402077
2023-01-31,1.4596208840214508,19.94,1.1246374680790807,1.2432610192157534,1.066675888019889,1.0354842300372336,2.305132766362385,0.6951074560024852,1.7762565491471023
2023-02-01,1.0571675244282375,19.4,1.074528217767119,1.296494945567102,1.2429506434214894,1.0354842300372336,2.8147859617957622,0.8734802817719187,1.8893667220782746
2023-02-02,1.4452131828395665,17.87,1.1244343962373282,1.2857614393154195,1.2028235507598861,1.0354842300372336,2.7565785130756097,0.8531083362959088,1.860460967532778
2023-02-03,-1.068584755254065,18.73,1.2154180816579594,1.3339342215876906,1.3450507615939902,1.0354842300372336,2.9610392957790843,0.9246672863753581,1.9006973229658202
2023-02-06,-0.6130168056461827,18.33,1.2416287938978596,1.3224105710421126,1.366591971175423,1.0354842300372336,2.995016229881122,0.9365588271349696,1.900874048941363
2023-02-07,1.2993823362140944,19.43,1.1967772012666247,1.2656133130198648,1.2187192201855723,1.0354842300372336,2.840132630350138,0.8823513276799909,1.843186476989126
2023-02-08,-1.0994976582002103,18.66,1.0323828200894267,1.2909801815785849,1.2853980604351898,1.0354842300372336,2.92645673385314,0.9125637827608428,1.8788173957549175
2023-02-09,-0.8706942255376049,19.63,1.0897961794927593,1.2860550767071346,1.3326563328517542,1.0354842300372336,2.9909330971297297,0.9351297770801803,1.897699160881481
2023-02-10,0.23310042099398132,20.71,1.1026416180636953,1.2543782781677784,1.274928611332837,1.0354842300372336,2.946820201085533,0.9196907648444468,1.880085424253283
2023-02-13,1.16703923057484,20.53,1.0300049409212269,1.182375729853766,1.0518679008847973,1.0354842300372336,2.487225275240587,0.758837764477116,1.703269317775271
2023-02-14,-0.046046958633017,20.34,1.0885722202270534,1.1931520200045829,1.0923395962410343,1.0354842300372336,2.59913746421019,0.7980057586414152,1.7808621539524097
2023-02-15,0.3242338811802803,18.91,1.081534072743414,1.1216901181482688,0.9046806571003556,1.0354842300372336,1.8929245979693545,0.5508392821534333,1.5217004464484298
2023-02-16,-1.386450061211164,18.23,1.0849390848311593,1.0606963676416863,0.7600950964243748,1.0354842300372336,1.1471539901187011,0.28982804570863324,1.1517994143597041
2023-02-17,-0.25015124232092845,20.17,1.0558770644832134,1.1123892119171317,1.0582673204059085,1.0354842300372336,2.5215536107902126,0.7708522917494139,1.833427816319974
2023-02-21,-2.026474778443532,20.02,1.0334363610160504,1.049400397844186,0.8963381985933441,1.0354842300372336,1.9000700290734132,0.5533401018260892,1.6442651859257886
2023-02-22,-0.13790823900450278,22.87,1.0667596153992311,1.2328323756336006,1.615376856563016,1.0354842300372336,3.0689477275678225,0.9624340110323832,1.9272178572567606
2023-02-23,0.5305413707394457,22.29,0.9999231174577536,1.160003554038704,1.33274259970638,1.0354842300372336,2.8016342526713633,0.8688773330584865,1.8035173379315153
2023-02-24,-1.073985684990042,21.14,1.0127776939456399,1.107291789560347,1.1318213924403324,1.0354842300372336,2.320567565750972,0.7005094603591643,1.6112033985363248
2023-02-27,0.3400056700990639,21.67,1.0676368485678969,1.1100609972805378,1.1972146248180993,1.0354842300372336,2.7053182282199653,0.835167819212184,1.814251909738936
2023-02-28,-0.3703120497431378,20.95,1.0162479227777415,1.0503935687856762,0.9972830961535193,1.0354842300372336,2.0624809310189507,0.610182071572112,1.5821887343620464
2023-03-01,-0.38429966975739305,20.7,1.0202698297456432,0.9955978155096334,0.8660163462732244,1.0354842300372336,1.4943382249444033,0.4113385818601807,1.3594673131386776
2023-03-02,0.7747047831095699,20.58,0.9513876833960431,0.9447231207495939,0.7627970013111668,1.0354842300372336,1.0350481431688745,0.2505922734523398,1.1229661863960112
2023-03-03,1.5910681226690926,19.59,0.8785150346294376,0.924049783562989,0.7256323207681767,1.0354842300372336,0.805780703277444,0.17035127530538702,0.9809514859046552
2023-03-06,0.0692559492284417,18.49,0.9458433487374387,1.0204966628076348,1.0412666855664259,1.0354842300372336,1.9705532981821439,0.5780084449131977,1.746206648216094
2023-03-07,-1.5447587865407897,18.61,0.8466126460064988,0.9595546462293887,0.8598811368717468,1.0354842300372336,1.1834610278950861,0.3025350962707011,1.418085179907819
2023-03-08,0.16309286308500148,19.59,0.9058700902652407,1.0451581499713238,1.2345097392298268,1.0354842300372336,2.7975531933510593,0.8674490086810118,1.906770628584924
2023-03-09,-1.8622213591777736,19.11,0.8892419796930797,0.9840446178924002,1.0164406732221245,1.0354842300372336,2.183025225686344,0.6523712046195804,1.7379187283345567
2023-03-10,-1.4534527554712184,22.61,0.9739788337365424,1.1330740442535312,1.5821790292114857,1.0354842300372336,3.0632622419734936,0.9604441556946381,1.92328144815873
2023-03-13,-0.14262987689575013,24.8,1.01700882478412,1.191841096341532,1.7600738044485345,1.0354842300372336,3.0673965888612518,0.9618911301150642,1.9194856227001988
2023-03-14,1.6394951226929244,26.52,0.981877150850728,1.121551227468038,1.4497668420131287,4.769613854399656,2.7988980258966554,0.8679196847868306,1.7982365483850873
2023-03-15,-0.6273961929082361,23.73,1.1072870770919814,1.215534809259989,1.6534056287880547,1.0354842300372336,3.029437877776762,0.9486060126678001,1.9073849364338298
2023-03-16,1.739306485049763,26.14,1.061174954100316,1.1662202796769345,1.4538162361740625,4.769613854399656,2.88963835317301,0.8996777679943014,1.8517000571379199
2023-03-17,-1.1761697624011802,22.99,1.2051305125068308,1.2777582858324883,1.718556749944598,1.0354842300372336,3.054205518081478,0.9572744052696289,1.9150707168523886
2023-03-20,0.9569764701068628,25.51,1.2659994506154795,1.2840953072817498,1.718348470990989,4.769613854399656,3.045676321950408,0.9542892835651589,1.9100338362668006
2023-03-21,1.3045026768493173,24.15,1.218073745477658,1.2619978267051362,1.5503270359255845,1.0354842300372336,2.929396415931998,0.9135926380765125,1.8631522351799565
2023-03-22,-1.7193369061319075,21.38,1.2961285830906262,1.28838159113725,1.5550111535586157,1.0354842300372336,2.9699926401413848,0.9278008551399616,1.8859499359603955
2023-03-23,0.26996478914576016,22.26,1.241343791143935,1.3884458594762494,1.91161390874609,1.0354842300372336,3.071785258689538,0.9634271146740835,1.91945181915285
2023-03-24,0.6540636224651841,22.61,1.2439086628102771,1.3095119671503852,1.56717735243183,1.0354842300372336,2.787260361848452,0.8638466346416859,1.790080067454456
2023-03-27,0.18680657053735672,21.74,1.2508765235800956,1.2566092024552988,1.3446833599902586,1.0354842300372336,2.385526636328539,0.7232443967474741,1.636361611616321
2023-03-28,-0.22472383458804757,20.6,1.1976123065911621,1.1833064519957364,1.1059731416613272,1.0354842300372336,1.584955484236803,0.4430535926720372,1.2801109446351224
2023-03-29,1.4430347707959257,19.97,1.1945121611688976,1.1153381129859097,0.9315160234176124,1.0354842300372336,0.9970115058970861,0.23727988272521694,0.9600629552825319
2023-03-30,0.5838030327828925,19.12,1.2871416057184728,1.1733587871903182,1.125288608863419,1.0354842300372336,1.846139978255875,0.5344651969998112,1.587317228797626
2023-03-31,1.399633484314311,19.02,1.2963387364285137,1.1234068188240893,0.9742578979179402,1.0354842300372336,1.2482645460105632,0.3252155910652625,1.3158416437185723
2023-04-03,0.380336027844308,18.7,1.3610438025923701,1.1735408431194732,1.1373377722325386,1.0354842300372336,2.0255896436200733,0.5972705402826546,1.7321858254336662
2023-04-04,-0.5563606171429036,18.55,1.2473846465496383,1.111807722176888,0.9532196199622562,1.0354842300372336,1.277014967743967,0.33527791189951023,1.4420300601994636
2023-04-05,-0.26215984733228836,19.0,1.261896110826024,1.0636714870247326,0.8707119357373339,1.0354842300372336,1.0263119852662512,0.24753471748011874,1.3340160519022373
2023-04-06,0.3893098363853653,19.08,1.151536495443087,1.003974864936446,0.7468350347853401,1.0354842300372336,0.685233401874576,0.12816108993467648,1.02665916815083
2023-04-10,0.10259663477105718,18.4,1.1574871081439029,0.9528301019626432,0.6471696409730177,1.0348052447878484,0.5212231842710506,0.07531118735924763,0.8667869872486228
2023-04-11,0.02684241905672735,18.97,0.9928517595195423,0.8962918600128652,0.5443728968196371,1.0348052447878484,0.4387760504299637,0.04481440323878468,0.6178141300918124
2023-04-12,-0.4084172742055969,19.1,0.892289645380206,0.8425575793397423,0.4618871389145966,1.0348052447878484,0.412620308637548,0.0351395246372879,0.4775261410984388
2023-04-13,1.3195122785105262,19.09,0.8992639971938362,0.8020124047715296,0.4419562878465128,1.0348052447878484,0.4195728679890318,0.037711241709170465,0.4505304544185655
2023-04-14,-0.24456021126937344,17.8,0.8541767779465103,0.8583584196736402,0.6627965644610658,1.0348052447878484,0.6009094979837377,0.10478675786646939,0.8040540321297298
2023-04-17,0.3581774880151656,17.07,0.8382807643303374,0.8104454963093891,0.5787011138725863,1.0348052447878484,0.4867337607926546,0.06255372141401302,0.5977757620205973
2023-04-18,0.06520592845218331,16.95,0.7003333388057991,0.769516233306077,0.5021231350046359,1.0348052447878484,0.4311339369464965,0.041987623528302674,0.47132003870070904
2023-04-19,-0.01691512589525601,16.83,0.6346607913352496,0.7236003680940309,0.4269510848806596,1.0348052447878484,0.40979143044975685,0.03409313668689005,0.4064084207277049
2023-04-20,-0.5471879823422121,16.46,0.5910647035802906,0.6802015132974322,0.36818779500034154,1.0348052447878484,0.40382632142013225,0.031886672570355414,0.380546350903688
2023-04-21,0.07765733764921734,17.17,0.5242879156808956,0.6573543037807706,0.39606873522046915,1.0348052447878484,0.42682176033924707,0.04039257088118374,0.40410673012070464
2023-04-24,0.10427334593972049,16.77,0.38380749974296835,0.6182748852793702,0.34088913509344265,1.0348052447878484,0.40833781419939896,0.03355545127666576,0.3764195477297499
2023-04-25,-1.6001193533956126,16.89,0.3808547351379659,0.5818307680030159,0.2961388938647135,1.0348052447878484,0.40240579497687096,0.03136122691494855,0.3667492582341297
2023-04-26,-0.42447624793657823,18.76,0.48240629337029517,0.7005438386295066,0.8035042699181775,1.0348052447878484,1.5806524386094447,0.4671887912882758,1.7039744336291052
2023-04-27,1.9712514042154794,18.84,0.4893245500496469,0.6693220134154751,0.7219415270926195,1.0348052447878484,1.1578112497937845,0.3107819418105706,1.2363174491642983
2023-04-28,0.849904230007148,17.03,0.6719593737062919,0.8623126185278367,1.2730144069051144,1.0348052447878484,2.810199536756359,0.9219921382475808,1.9211382983878225
2023-05-01,-0.10102923472992131,15.78,0.6071968903947678,0.8539140934272091,1.1599804894379908,1.0348052447878484,2.641590113040508,0.8596243522958092,1.7140007605408598
2023-05-02,-1.1302903460779667,16.08,0.5914531249273206,0.8032916621977834,0.9671736668792978,1.0348052447878484,2.1059655801869437,0.6614995056571912,1.5030777601266991
2023-05-03,-0.6887619364491115,17.78,0.5590046666427125,0.8317475384521393,1.0876036819470638,1.0348052447878484,2.5965215319470167,0.842953708645868,1.655644309434338
2023-05-04,-0.7107985987770071,18.34,0.5747064528819861,0.8103062664510787,1.0173390358944414,1.0348052447878484,2.4781592959317402,0.7991721071322163,1.6134173793922717
2023-05-05,1.8343200831435702,20.09,0.5840253820113063,0.7920019693454154,0.9670163314963667,1.0348052447878484,2.3799960875767647,0.7628620253342987,1.5923815616875083
2023-05-08,0.026645986449569392,17.19,0.7409778763860941,0.9463656612301207,1.3777591507306313,1.0348052447878484,2.8941672603725244,0.9530513809514524,1.7284284048347265
2023-05-09,-0.4395066479460752,16.98,0.7337944411426404,0.8896263220719456,1.1373513084400313,1.0348052447878484,2.5898067288042137,0.8404699364112603,1.5824898130930505
2023-05-10,0.46616097697693704,17.71,0.7424915851484712,0.8478387083629566,0.9955188049162459,1.0348052447878484,2.243488291587021,0.7123684715731274,1.4813326285800725
2023-05-11,-0.1745403421941738,16.94,0.7528051823387225,0.8100067492485447,0.8529888741277332,1.0348052447878484,1.595415603730547,0.4726496125279905,1.2762226141549584
2023-05-12,-0.13112870212088623,16.93,0.7463127852522334,0.7632342041568275,0.7248053791160062,1.0348052447878484,1.003893029338527,0.2538483587647694,1.0134465047647923
2023-05-15,0.34441016300839067,17.03,0.66422145588937,0.7184718360986123,0.6168570980941279,1.0348052447878484,0.6473443956903269,0.12196279522567129,0.7529468100242754
2023-05-16,-0.6705154933222879,17.12,0.6670218684344815,0.6824806275557035,0.5317042632044496,1.0348052447878484,0.4884969962217113,0.06320593341615657,0.5621125544394269
2023-05-17,1.2065927258140263,17.99,0.6823218643327853,0.6685072515094751,0.5614351085343245,1.0348052447878484,0.5102869279100126,0.07126592060720431,0.615128676889154
2023-05-18,0.958714033334207,16.87,0.7514463497081191,0.715748776778146,0.7095881338374386,1.0348052447878484,0.6699356362364096,0.13031918257171626,0.9298674181305742
2023-05-19,-0.1456101815829669,16.05,0.7952009438142094,0.7279518060341738,0.7367540438299776,1.0348052447878484,0.6640173354523391,0.12813003259204991,0.9863891804829503
2023-05-22,0.04061230623912948,16.81,0.7819527360504418,0.6855468371709608,0.6278149871879214,1.0348052447878484,0.5014931216590661,0.06801313547886735,0.7193431890687916
2023-05-23,-1.128653813418623,17.21,0.7817441025898366,0.6445129885057866,0.5292041304932483,1.0348052447878484,0.4329602836840196,0.04266318008907665,0.5288670747859455
2023-05-24,-0.7270808044930632,18.53,0.841886316869405,0.6822737750281035,0.731870922266133,1.0348052447878484,0.7102927828026832,0.14524709005873415,1.0508572312630131
2023-05-25,0.8622304711830786,20.03,0.7451370097813615,0.673056138302154,0.7406590920407148,1.0348052447878484,0.7316304350019137,0.15313978131967848,1.1138316901735026
2023-05-26,1.2867700638600432,19.14,0.7719589764658511,0.6772792531302204,0.7320684408638527,1.0348052447878484,0.655832698873108,0.12510257629087204,1.0765120072064247
2023-05-30,0.03807232391412896,17.95,0.6657658859241786,0.73598912977719,0.8829235076923969,1.0348052447878484,0.9891341229742949,0.24838911281800719,1.4445334615259262
2023-05-31,-0.5560430625273227,17.46,0.6314379002891397,0.6919167521014519,0.7360217636449122,1.0348052447878484,0.6190715637013304,0.11150481550615243,1.1370328836331467
2023-06-01,0.9455982738438173,17.94,0.6456748993898374,0.6689527802184505,0.6963636072216622,1.0348052447878484,0.5657192215413529,0.09177004990095841,1.0747067697092652
2023-06-02,1.4357592412375553,15.65,0.6274177483926638,0.6824649791351279,0.7217680943026143,1.0348052447878484,0.5714489312945801,0.09388944099772935,1.1271936438585655
2023-06-05,-0.1917964732197852,14.6,0.7029897290449453,0.7652013563149628,0.9461528542196116,0.2608397641265556,1.0958630049917493,0.2878675946361661,1.5749169858421852
2023-06-06,0.2174979434503399,14.73,0.6806826451933352,0.7214964281644378,0.8021252373064047,0.2608397641265556,0.7075676371276401,0.14423907224808732,1.3657206019673487
2023-06-07,-0.34637394880441263,13.96,0.5227100350972064,0.6810449637988791,0.6728552764680371,0.2608397641265556,0.5047380518161235,0.06921341898025019,1.0630636395362383
2023-06-08,0.603048274853446,13.94,0.528389316231325,0.647380760715568,0.6018692027645989,0.2608397641265556,0.4568087388396045,0.05148460485671324,0.874764685392252
2023-06-09,0.17926526543101673,13.65,0.5365084175748928,0.6303579483808569,0.5568123436043959,0.2608397641265556,0.433449598364329,0.04284417515193875,0.7146811332513251
2023-06-12,0.9030883725688277,13.83,0.5276907975241291,0.5944646336014087,0.4725118716145373,0.2608397641265556,0.41033222995874225,0.03429317573142214,0.5259742964943329
2023-06-13,0.6571453935569238,15.01,0.5650767155058316,0.6077308721054651,0.5269530100439289,1.0348052447878484,0.4408076049035553,0.04556586511894538,0.5665221210530028
2023-06-14,0.11900448362425209,14.61,0.5848217313036019,0.5971774238755222,0.5070912543351594,0.2608397641265556,0.4306621605967518,0.04181311580655414,0.5041691547022483
2023-06-15,1.2321376237521164,13.88,0.579847622100707,0.5621965024703514,0.43094600610780126,0.2608397641265556,0.40938610269948494,0.033943207971091405,0.41945130301748546
2023-06-16,-0.3412028529582223,14.5,0.6307320076759586,0.619554499754061,0.6147253162143025,0.2608397641265556,0.5304393679828149,0.0787202078063858,0.6429832368900429
2023-06-20,-0.5201602249717219,13.54,0.5669488353368874,0.589366392980827,0.5538975592372688,0.2608397641265556,0.46793604559085705,0.055600540196432825,0.5254182387607249
2023-06-21,-0.5137020667334902,13.88,0.5360647430478727,0.5702384089805353,0.540160274027855,0.2608397641265556,0.46176188272576507,0.05331674810750205,0.5082233885346948
2023-06-22,0.36031938583951373,13.2,0.5476212901138553,0.5518574932436788,0.5275316941938797,0.2608397641265556,0.4571024715850084,0.05159325513609056,0.49363331417481954
2023-06-23,-0.758857752000619,12.91,0.553725132989746,0.5265358472377639,0.46086594142617826,0.2608397641265556,0.42095844408240396,0.038223759404248756,0.42090576176774325
2023-06-26,-0.40942143116318164,13.44,0.5204873071434142,0.529495601669784,0.5310856342552343,0.2608397641265556,0.47593852776314105,0.058560618489832225,0.5018730112602303
2023-06-27,1.090371047138916,14.25,0.5032958505735775,0.5077834200673395,0.49823290799589426,0.2608397641265556,0.4505251287939668,0.04916032880087916,0.4591906921536174
2023-06-28,0.05041251239603639,13.74,0.5245085950974927,0.5486509560896281,0.6118999343701184,0.2608397641265556,0.5243340755859728,0.07646189056060168,0.5924019826945673
2023-06-29,0.3933712758353636,13.43,0.4457830819622405,0.5158843840086152,0.5161261468428865,0.2608397641265556,0.4404221543036822,0.04542328886206678,0.45436047586913136
2023-06-30,1.1731560166956534,13.54,0.45308267523862705,0.4942157786072388,0.4551691050508608,0.2608397641265556,0.41619399979296756,0.036461415194333886,0.4055707928650366
2023-07-03,0.1149843884686419,13.59,0.5038974920064581,0.5471405342613572,0.6095677841500458,0.2608397641265556,0.5149152219471456,0.07297790351698656,0.567805190252278
2023-07-05,-0.1488175433340011,13.57,0.4619482212490818,0.5151053867811662,0.513967637731209,0.2608397641265556,0.4366198340508892,0.04401682954075431,0.439508631700216
2023-07-06,-0.7861489853559611,14.18,0.36484070041122124,0.4855278632465343,0.44753951095226313,0.2608397641265556,0.4159316427121059,0.03636437061698163,0.3988666737841967
2023-07-07,-0.25278416517089397,15.44,0.3925190023177288,0.49347800508231465,0.5292436620008382,1.0348052447878484,0.47807698808176147,0.05935162430954748,0.4847162995514003
2023-07-10,0.25278416517089397,14.83,0.39330921559182497,0.4677033148270445,0.471523561688135,0.2608397641265556,0.43690348599196493,0.04412175098082537,0.4246896341383678
2023-07-11,0.6348345402387601,15.07,0.3906389737704338,0.4434751059870906,0.40891542057387426,1.019017888844445,0.41912663578094816,0.03440068692716008,0.39229928842248973
2023-07-12,0.8013729330172303,14.84,0.39251267242169274,0.44104749323667464,0.40670529659672905,0.2635631599798334,0.42279339289228934,0.03575950739072972,0.39430698208621706
2023-07-13,0.7905519238478931,13.54,0.4215632696780063,0.4531165583088325,0.4435285836046774,0.2635631599798334,0.4375414986604501,0.041224834738069815,0.41272737338783294
2023-07-14,-0.062307292272567594,13.61,0.41248725708898687,0.46342790546827883,0.4706861802629694,0.2635631599798334,0.44487736047089,0.0439433456301913,0.4234603391197069
2023-07-17,0.3466342001782863,13.34,0.3921083109174276,0.4358551630604024,0.40721141931432714,0.2635631599798334,0.4213373571082139,0.03521993218598766,0.3912182534360853
2023-07-18,0.7402962692665938,13.48,0.39715560623221646,0.41691316940077267,0.3628346610002313,0.2635631599798334,0.4134620906773381,0.032301529669159064,0.3795642747118874
2023-07-19,0.22213851395660456,13.3,0.35095919872862236,0.42478069321412854,0.3924490137564268,0.2635631599798334,0.4270011756702689,0.037318820203484704,0.39555915330700125
2023-07-20,-0.6656681379004326,13.76,0.3477652050389089,0.4022545827842517,0.3420117597611053,0.2635631599798334,0.41372833237500894,0.0324001930537426,0.3782650203958916
2023-07-21,0.0,13.99,0.35598174838048974,0.40470615200614635,0.4051792905971023,0.2635631599798334,0.44964458828585785,0.045709976610312966,0.4206720513904738
2023-07-24,0.4457459724928725,13.6,0.3434155667916203,0.38042378288577755,0.35097689838146706,0.2635631599798334,0.4217478465178534,0.03537205063642211,0.38775606525434386
2023-07-25,0.27262741134341795,13.91,0.3466945864193275,0.3695197242322479,0.32817767378481033,0.2635631599798334,0.41593404442414633,0.03321758198300654,0.3809850093108245
2023-07-26,0.015380203755999133,13.86,0.3228117586881075,0.3518080831032618,0.2925602041378429,0.2635631599798334,0.410622253548603,0.031249147772415803,0.3738635284327739
2023-07-27,-0.6652205767047725,13.19,0.31484083689629166,0.33071379115712063,0.2587921730489955,0.2635631599798334,0.4088337809282117,0.03058637870390969,0.37086073573760575
2023-07-28,0.9742610390304662,14.41,0.27929842714546377,0.3374220686279792,0.3372983558361579,0.2635631599798334,0.44578632144374514,0.044280186804285276,0.41333540278664266
2023-07-31,0.1902403267599162,13.33,0.32437667242006585,0.3741278188406639,0.4380203166635335,0.2635631599798334,0.48059524472617166,0.05717961696416492,0.46346491826995145
2023-08-01,-0.28657813158945444,13.63,0.3187314543854648,0.35385163262576724,0.3777857304302227,0.2635631599798334,0.43086154396522774,0.038749388762247754,0.4029911264762347
2023-08-02,-1.4008292801870326,13.93,0.2571044060995643,0.33754815619853934,0.35396074864466415,0.2635631599798334,0.42417856067345633,0.03627282045439177,0.39355068585331837
2023-08-03,-0.2870117091696933,16.09,0.34991875193946015,0.4350346271603862,0.7229445510085765,1.019017888844445,1.060704713253438,0.2721555733773365,1.1718833517115956
2023-08-04,-0.4532914306019542,15.92,0.35278680241548593,0.41387509280279355,0.6350388240380598,1.019017888844445,0.7246465232385801,0.14761971466720106,0.8169157894992385
2023-08-07,0.8690474704397211,17.1,0.33314122593362694,0.4013709744980559,0.5921612174160624,1.019017888844445,0.5963345324087337,0.10007008059907889,0.6942185522977997
2023-08-08,-0.4358087472503769,15.77,0.3660623531582236,0.42260332638083326,0.6131607792048488,1.019017888844445,0.5624513611204378,0.08751371400071098,0.6896498336373695
2023-08-09,-0.6707658809527395,15.99,0.3720637545876902,0.40864288264877985,0.5708487156352395,1.019017888844445,0.502034868406678,0.06512467536418771,0.6042439739218023
2023-08-10,0.035891882128158414,15.96,0.3742976580910305,0.4111199217128714,0.592935007939139,1.019017888844445,0.5200834239540899,0.07181307764200498,0.6486464310715833
2023-08-11,-0.05831392847284178,15.85,0.3437781175877002,0.38653002004226117,0.5028251437877274,1.019017888844445,0.4446676777586705,0.04386564177592196,0.49348237644945714
2023-08-14,0.5504669378544769,14.84,0.3141794590140969,0.36354224969496163,0.4331486763317407,0.2635631599798334,0.4211780118883899,0.035160882311972494,0.4249637463374578
2023-08-15,-1.1717224685945382,14.82,0.3284238233474562,0.359910545693517,0.4108029030837268,0.2635631599798334,0.41947113538490555,0.034528350990345784,0.4060909322044393
2023-08-16,-0.7365224934353876,16.46,0.38807993166536275,0.42069192555646273,0.6516807857771669,1.019017888844445,0.685326140584543,0.13304843575144204,0.7959122164658328
2023-08-17,-0.7648977254332223,16.78,0.38781454200089815,0.4279983330232518,0.6782427640105977,1.019017888844445,0.7102108515105411,0.14227016858225222,0.8505022669333575
2023-08-18,0.048121580211457626,17.89,0.4133251615718538,0.4374225448642317,0.7087783263068886,1.019017888844445,0.7555887569042606,0.15908623372390016,0.9533922373468025
2023-08-21,0.6485161773805537,17.3,0.3923347623654832,0.4113161333613007,0.5969040029452738,1.019017888844445,0.5291626889804235,0.07517765586121569,0.6665753233343894
2023-08-22,-0.27123097614145664,17.13,0.41236205914283014,0.41187155929907976,0.5625436046133149,1.019017888844445,0.4746322442423697,0.05496985863122145,0.5732742501309558
2023-08-23,1.107614248892741,16.97,0.40640381011545074,0.3915732402862538,0.5022566491406075,1.019017888844445,0.44123547619920817,0.04259374250021912,0.4867584126207271
2023-08-24,-1.3955942680630606,15.98,0.46128398244566116,0.44168740533009243,0.6192509979273726,1.019017888844445,0.5137254987891747,0.06945696880861371,0.6293097066958424
2023-08-25,0.7025053158995931,17.2,0.5540195448448466,0.5320471626733152,0.9360313383494409,1.019017888844445,1.4342903065559656,0.4105982718326508,1.5445029147860805
2023-08-28,0.632136610295575,15.68,0.556447892616073,0.5297351560449475,0.8503158668760474,1.019017888844445,1.043186746085678,0.26566379561707276,1.3285121677685081
2023-08-29,1.435117590485202,15.08,0.5302770412781328,0.5219268483268094,0.7655378406302367,1.019017888844445,0.7403613634348143,0.1534432927750402,1.1207379628076812
2023-08-30,0.4110317531552887,14.45,0.6266280468302439,0.614184987338404,0.9769028495586591,0.2635631599798334,1.3780656026846876,0.389762619004124,1.5591797820642168
2023-08-31,-0.14644755330035508,13.88,0.6307623361919871,0.5874707142242144,0.8334727178551647,0.2635631599798334,0.8531046426067236,0.19522350079451883,1.3279653595052927
2023-09-01,0.18635508015787394,13.57,0.5383396796985748,0.5535092845228211,0.7087874287840029,0.2635631599798334,0.5866310725841549,0.0964741893587559,1.0565920367824158
2023-09-05,-0.43314564477814343,13.09,0.5360707508747719,0.5223824204054907,0.598099202510586,0.2635631599798334,0.4665594473443076,0.05197825561792118,0.7609648387583785
2023-09-06,-0.674493913624552,14.01,0.5352203712811103,0.5022963841565776,0.5580628884552634,0.2635631599798334,0.4518424567911934,0.04652445889277664,0.6650995250753978
2023-09-07,-0.3074891959330195,14.45,0.5209203014543907,0.49945512347817683,0.583587616171551,0.2635631599798334,0.4812128288236429,0.0574084802032989,0.7139531544222295
2023-09-08,0.15050209607316845,14.4,0.5163784129513237,0.4751607924064183,0.524557740131544,0.2635631599798334,0.4466921800697161,0.044615878316074636,0.5809762922762771
2023-09-11,0.6554910015051263,13.84,0.4960319374214242,0.4480101977173782,0.4471153908436295,0.2635631599798334,0.41972234384543317,0.03462144338409366,0.4607548494348781
2023-09-12,-0.5500697931615228,13.8,0.5164309957953047,0.44690969303758715,0.4420369707349371,0.2635631599798334,0.42427715798699844,0.03630935847510757,0.438897701770304
2023-09-13,0.11653350888236602,14.23,0.5306774845141058,0.43824971809625757,0.4564561408180105,0.2635631599798334,0.4416112917228999,0.042733011562393966,0.4504616379326162
2023-09-14,0.8585380051213676,13.48,0.5168949230389416,0.41276953853202825,0.3911719533393861,0.2635631599798334,0.41811746487835455,0.03402671013184907,0.40018135458134607
2023-09-15,-1.212150929491429,12.82,0.48661654031648927,0.43222861659437317,0.44651572245687005,0.2635631599798334,0.4409752728106291,0.042497316781701266,0.42816649127811085
2023-09-18,0.05863602140596669,13.79,0.5307519923417585,0.4944534921507269,0.7000811573201846,0.2635631599798334,0.7990021145845243,0.17517428019574144,0.9180995113227426
2023-09-19,-0.20759246657151564,14.0,0.5030553091338253,0.4649925736020626,0.5896638523755161,0.2635631599798334,0.5456147642651873,0.08127443726404736,0.6074375136460866
2023-09-20,-0.9235809416038521,14.11,0.5049971636907395,0.43967869711657354,0.5164482501994762,0.2635631599798334,0.4651415072683461,0.05145279785433692,0.4917124923235566
2023-09-21,-1.6666544465448574,15.14,0.5255889981369096,0.46447808063121065,0.63239259531186,1.019017888844445,0.5881147529764279,0.09702400905425249,0.6998825165777407
2023-09-22,-0.22511152720472438,17.54,0.6543590363163905,0.6032736184446028,1.1104646663274687,1.019017888844445,2.389853809695478,0.7647093304272444,1.8098282915060004
2023-09-25,0.4196395168260203,17.2,0.598352649427353,0.5701177133187532,0.9424883002536519,1.019017888844445,1.8016672390652433,0.5467401755854373,1.5464710075770443
2023-09-26,-1.4800260097766582,16.9,0.5139914095717104,0.5464764899645465,0.8064811938267653,1.019017888844445,1.1497127018788145,0.30513999876816883,1.2936625940702966
2023-09-27,0.039900028339001636,18.94,0.5947991843692452,0.6451165199435989,1.1365405999549074,1.019017888844445,2.569695911808911,0.8313549033797799,1.7074705968536779
2023-09-28,0.5780718655646666,18.22,0.5758465804733153,0.6065050494826701,0.945326761397365,1.019017888844445,1.9495287286331902,0.6015344288446418,1.5375238802562088
2023-09-29,-0.24298644478060183,17.34,0.4936848939608088,0.5901647714191547,0.832624728504706,1.019017888844445,1.3717762382960745,0.3874319173037958,1.3775056376411965
2023-10-02,-0.03977393177763133,17.52,0.4884513373058185,0.5582974298748323,0.7184605688619062,1.019017888844445,0.890996192839639,0.20926528548039638,1.1532751523078928
2023-10-03,-1.3476337676667782,17.61,0.4875053887239801,0.5248945020212855,0.607725284563107,1.019017888844445,0.5895868528199393,0.09756953725015997,0.8582310947813314
2023-10-04,0.7255444529224775,19.78,0.572333415193271,0.6023678382053538,0.900520281419729,1.019017888844445,1.535878297127771,0.4482445724329653,1.5762649250024994
2023-10-05,-0.03768248023927612,18.58,0.5884667296492854,0.5978106531030272,0.8267121467200675,1.019017888844445,1.1412207486899302,0.3019930655467013,1.4455515609342333
2023-10-06,1.1802885459403,18.49,0.5668704405921625,0.5620272120758645,0.6957568095950343,1.019017888844445,0.7042532838157236,0.14006242352278778,1.1688865805269204
2023-10-09,0.6381776057083677,17.45,0.6287052713570356,0.6118904424519848,0.8054240574651228,1.0078410973701952,0.7426973995672626,0.1469297852724889,1.355748621064918
2023-10-10,0.5191309293596014,17.7,0.6470204987620473,0.5996132552905256,0.7320654506686821,1.0078410973701952,0.5834350681653409,0.0884129673542462,1.172964416652074
2023-10-11,0.4088011923873758,17.03,0.639393282988884,0.5798062752821598,0.6509584856805667,1.0078410973701952,0.49007058302516837,0.05410860593440556,0.9359685062034793
2023-10-12,-0.6115243260714998,16.09,0.6329428847769115,0.5550450036590706,0.569683395779507,1.0078410973701952,0.4462551262852237,0.03800975141251926,0.7029819912749652
2023-10-13,-0.4993358308173157,16.69,0.6501039296666622,0.5441800235221584,0.5753357971636075,1.0078410973701952,0.46241886502909396,0.04394869848573592,0.7037524408212488
2023-10-16,1.0466623223420513,19.32,0.6268776804142928,0.52648939842711,0.553436087179729,1.0078410973701952,0.45872040707685824,0.0425897959212426,0.6436265984199657
2023-10-17,-0.004593876131675501,17.21,0.6090773061830317,0.5606301555421107,0.6379162083613885,1.0078410973701952,0.5043873250916472,0.05936892192571399,0.7591385887263056
2023-10-18,-1.3414588947109785,17.88,0.6089145881207266,0.5269936124314588,0.5424418968923471,1.0078410973701952,0.4473783927867331,0.03842246658982387,0.5599347526749485
2023-10-19,-0.8825177378896321,19.22,0.6925535087884388,0.6033447136575234,0.8377983164111331,1.0078410973701952,0.9015195743101805,0.20528487902881773,1.3366508430798005
2023-10-20,-1.2364187673989058,21.4,0.6890218803120567,0.613874284299462,0.8775315581851104,1.0078410973701952,1.0469980048356935,0.2587371596475758,1.453887005949951
2023-10-23,-0.17347547680381936,21.71,0.6295454195591275,0.6687657093440681,1.058781396311147,1.0078410973701952,1.911447127583111,0.5763565958954173,1.6783085004910299
2023-10-24,0.7511244038382436,20.37,0.628565350100645,0.6304453912465626,0.897672705701221,1.0078410973701952,1.258343557942711,0.3363906081443394,1.5082649949176596
2023-10-25,-1.4456338667440782,18.97,0.6470458522891869,0.6264699399742503,0.8323140428100605,1.0078410973701952,0.9531116059781841,0.22424103455268668,1.4050567491473143
2023-10-26,-1.2046992299253212,20.19,0.6422544373873783,0.7142731801764415,1.1312635438641045,1.0078410973701952,2.279340355825662,0.7115294321896128,1.6990157140732225
2023-10-27,-0.45430999403901495,20.68,0.7112881622598168,0.7584948034408148,1.2510086963962985,1.0078410973701952,2.713973528742331,0.8712241322289337,1.7099361267634787
2023-10-30,1.1885067367624735,21.27,0.7052038998277367,0.7253689694753896,1.0964474167779203,1.0078410973701952,2.401319198295818,0.7563473979438049,1.6180784078054098
2023-10-31,0.6260590568816227,19.75,0.7696565593983399,0.7665997271066533,1.1349143762986436,1.0078410973701952,2.507094667308987,0.7952118538761991,1.644391312875213
2023-11-01,1.0608375075625176,18.14,0.7882455106866473,0.7441207400424644,0.9990360272400619,1.0078410973701952,2.037477041403598,0.6226630228726395,1.5341073497198647
2023-11-02,1.8982840869750994,16.87,0.7553531033388234,0.7669960686870039,1.0071694440019143,1.0078410973701952,2.0236662850546248,0.617588618225463,1.5607449899464427
2023-11-03,0.9082116126371886,15.66,0.9018801377053145,0.9371852530575571,1.4378804271816736,1.0078410973701952,2.900269883986677,0.9396739018807053,1.7432777709926808
2023-11-06,0.22978096144941063,14.91,0.9410910121820792,0.9304450378738462,1.316216806455826,0.26836737487259416,2.764169447346574,0.8896673221743999,1.6640188013653352
2023-11-07,0.2841953263247987,14.89,0.8772680711614481,0.8777862930160923,1.0986957604789744,0.26836737487259416,2.2686123009233174,0.7075876863303665,1.4963947604667347
2023-11-08,0.07322241413643127,14.81,0.8617202772127429,0.8299651344454183,0.9241444771379459,0.26836737487259416,1.551410323775495,0.44407039923597225,1.2541479102161002
2023-11-09,-0.7829441959596117,14.45,0.8491424010277049,0.7804889176946112,0.7747889622782752,0.26836737487259416,0.9294075165718805,0.21553158096440597,0.9495625728311173
2023-11-10,1.5484305293012923,15.29,0.8703749343176812,0.770439679472145,0.7924046156243029,1.0078410973701952,0.9553470197440876,0.22506237943166615,1.0781597347083731
2023-11-13,-0.09536325663637157,14.17,0.9667404153983993,0.8680715249481532,1.0540211121909175,0.26836737487259416,1.9028499858699268,0.5731977988853564,1.5996528135086714
2023-11-14,1.9214987935011862,14.76,0.955300314387841,0.8165328824942417,0.8873193568699137,0.26836737487259416,1.2189752701928747,0.3219257506621492,1.3721458158171047
2023-11-15,0.21147460786048455,14.16,1.0789505808838438,0.9890703663501783,1.3553045380224986,0.26836737487259416,2.7663341875321277,0.8904626998771076,1.7460503036980104
2023-11-16,0.12224262918625328,14.18,1.0810791716491692,0.9324094349553523,1.1297920592642114,0.26836737487259416,2.270563344583531,0.7083045467807336,1.5821177006609943
2023-11-17,0.12431162414756614,14.32,0.9960997094677962,0.8773614644814531,0.9430046053778647,0.26836737487259416,1.5341876117180664,0.43774235985182236,1.3622576093978995
2023-11-20,0.7668170718397427,13.8,0.9597480819539091,0.8256469794064583,0.7903291289303079,0.26836737487259416,0.9166109272671534,0.21082980572522841,1.0669586627926044
2023-11-21,-0.2181990244620735,13.41,0.9149517511581305,0.8113886659419633,0.7483795457424969,0.26836737487259416,0.7300111434616134,0.1422685491090862,0.9668815799125935
2023-11-22,0.3853631610481578,13.35,0.9157858975021252,0.7655619948420175,0.6486212181278743,0.26836737487259416,0.5490356632587927,0.07577379715189353,0.7448296313448959
2023-11-24,0.06149995421091958,12.85,0.8959914639712524,0.7285385611050781,0.5651646736580378,0.26836737487259416,0.4670536480498356,0.04565162944077046,0.570276423983215
2023-11-27,-0.18024774381864006,12.46,0.7966545576708005,0.6850531821008501,0.48142900537775946,0.26836737487259416,0.43391448519638953,0.03347550253374782,0.4621463025038538
2023-11-28,0.09895352883537711,12.69,0.7290921297931362,0.6458993461239017,0.4263517062696649,0.26836737487259416,0.42685836496542473,0.030882913946540844,0.4210682564029209
2023-11-29,-0.07036880521917865,12.69,0.7197299502781478,0.607732893408606,0.36778524762372516,0.26836737487259416,0.42058282324356716,0.028577128711301962,0.39388443450404753
2023-11-30,0.39297975991328116,12.98,0.6527015457742522,0.5715660259289681,0.32472352390723414,0.26836737487259416,0.4199173859513359,0.02833263101669494,0.3846827169970841
2023-12-01,0.5898424764740895,12.92,0.6413912195360614,0.54653804987532,0.3012035158582193,0.26836737487259416,0.4205954687413449,0.028581774971873638,0.3818932150754722
2023-12-04,-0.5263249700470318,12.63,0.6043692161837582,0.534620615705986,0.3106592126240308,0.26836737487259416,0.42638408201441147,0.030708650962683555,0.38776918504891333
2023-12-05,-0.01971494278114605,13.08,0.44596614471862106,0.5191644572093274,0.3430231099601023,0.26836737487259416,0.4410779886832763,0.03610754631653645,0.4063433488953139
2023-12-06,-0.4037870838374147,12.85,0.4067061611776601,0.48803791051489953,0.301942586495222,0.26836737487259416,0.4261326411700288,0.030616265538092345,0.3875204520147066
2023-12-07,0.7601413801366697,12.97,0.4119559096933415,0.4685382764284409,0.31097226213566354,0.26836737487259416,0.4326367726937737,0.033006040174323056,0.3956947094295854
2023-12-08,0.4290073304706432,13.06,0.43562485894530445,0.47509487491049934,0.35486924996247077,0.26836737487259416,0.4418913155917308,0.036406382219484064,0.408672919795696
2023-12-11,0.38818806653448945,12.35,0.44413370502461785,0.45763201979172224,0.3300394813843585,0.26836737487259416,0.4292862141646121,0.03177496424036244,0.3925081221317129
2023-12-12,0.45569221081658284,12.63,0.4221188650728531,0.43921549710420604,0.3050274987607648,0.26836737487259416,0.4237974774638097,0.029758270127606592,0.3849124021650294
2023-12-13,1.369572599416724,12.07,0.3178340215931686,0.425321890737888,0.29270399209541553,0.26836737487259416,0.42335542916376906,0.02959585093119744,0.383646241560593
2023-12-14,0.32043939282511147,12.19,0.4067214003720633,0.5123463235979997,0.5562883655208519,0.26836737487259416,0.5809859738193933,0.0875131110816117,0.6114621807463512
2023-12-15,-0.16478848910912447,12.48,0.23579396185052093,0.4877664284505673,0.48350521628438026,0.26836737487259416,0.47594379475904314,0.04891808354620673,0.4671235733443991
2023-12-18,0.5609326700136918,12.28,0.23495747310638393,0.46012975751210533,0.4265551722121299,0.26836737487259416,0.4418984068345829,0.036408987712968556,0.4195085943310709
2023-12-19,0.606247416350314,12.56,0.24922900643487544,0.45140069967870033,0.40803597121088936,0.26836737487259416,0.4340604910624388,0.03352914860688636,0.4061016953025152
2023-12-20,-1.3954200520326587,12.53,0.26599484214598135,0.44636881348786417,0.4010235838547676,0.26836737487259416,0.4328802391708887,0.03309549562424095,0.40183897473535024
2023-12-21,0.9437263502320548,13.67,0.3307181135721695,0.5364185119754821,0.750957539437755,0.26836737487259416,0.9280239724920304,0.21502323353353647,1.0935172675015914
2023-12-22,0.2007703183814158,13.65,0.37086138070769875,0.557670566704292,0.7654643386863029,0.26836737487259416,0.8534287294671405,0.1876151439041147,1.0315717975532792
2023-12-26,0.4213550836341007,13.03,0.36570918808150576,0.526628855946613,0.6471521160991128,0.26836737487259416,0.5758181252976213,0.08561431901750194,0.705749311853176
2023-12-27,0.18065188589320158,12.99,0.3739833719927607,0.5056835309800742,0.5680510453658456,0.26836737487259416,0.4792303486835506,0.05012564264625248,0.546945867756433
2023-12-28,0.03775867714121972,12.43,0.3739903174558588,0.47730062535387596,0.48504335301980894,0.26836737487259416,0.43779336948193126,0.03490069808039696,0.44979989200420156
2023-12-29,-0.289916717081784,12.47,0.37359193254302464,0.4487481308946107,0.4162988604517393,0.26836737487259416,0.42444719963622773,0.02999699370854476,0.4069777713408312
2024-01-02,-0.5612074584058213,12.45,0.37735859607138195,0.4268663452115428,0.38620951443932283,0.26836737487259416,0.4267180388758527,0.030831354760131956,0.39953031761852925
2024-01-03,-0.8200219748124127,13.2,0.3850024398651354,0.42015159318106954,0.41288302031777313,0.26836737487259416,0.44431775300385795,0.037297913788723325,0.4203014238242006
2024-01-04,-0.3226272574882394,14.04,0.40045586329952404,0.4352886599407203,0.5086409873618316,0.26836737487259416,0.5005111971507106,0.057944739126485775,0.505481519659823
2024-01-05,0.1368693005558974,14.13,0.3922211191652085,0.41541664118074,0.4664570611445518,0.26836737487259416,0.4607572881895956,0.04333819511988527,0.4506650323840935
2024-01-08,1.4175064992612008,13.35,0.39309466804453214,0.39161563503597524,0.4009268944418451,0.26836737487259416,0.4315724147988767,0.0326149694384668,0.40506160221321474
2024-01-09,-0.1518195658730903,13.08,0.48101279501471417,0.4886781774606815,0.6686330648725842,0.2742506225706383,0.6284284675573479,0.10414117242433475,0.7285446412715895
2024-01-10,0.56394771351993,12.76,0.45459537895689567,0.4607404376479542,0.5768703255833851,0.2742506225706383,0.5034370474984036,0.057734307738482246,0.5380770179103265
2024-01-11,-0.04407401529160637,12.69,0.46097584248007706,0.4521782328041384,0.53109433564215,0.2742506225706383,0.46273457636536053,0.042622277893872296,0.4702780195716426
2024-01-12,0.06924761456783557,12.44,0.4538926302812265,0.4251640899653255,0.4569173578496808,0.2742506225706383,0.4372492614947033,0.033160079943635457,0.41605220300803614
2024-01-16,-0.3677922467777428,12.7,0.44423262271572317,0.39994195849480607,0.3929183702743898,0.2742506225706383,0.42743118312951045,0.02951481986135355,0.39034682739626314
2024-01-17,-0.5574202149787766,13.84,0.3613536718450917,0.3840617091925069,0.37961605691693734,0.2742506225706383,0.4340964743489389,0.03198951186474025,0.39411355579410545
2024-01-18,0.8853430680436425,14.79,0.3712601428733231,0.3796610444049756,0.40739744552132945,0.2742506225706383,0.4503484642932881,0.03802355722455436,0.41481700839559194
2024-01-19,1.2389088055933861,14.13,0.4072923858252308,0.4039113226286529,0.4667149551854097,0.2742506225706383,0.4667876665901017,0.04412711086185052,0.44176982197439213
2024-01-22,0.21121789417328785,13.3,0.4653995081246661,0.4717703449855436,0.6403129903504998,0.2742506225706383,0.5794972499854869,0.08597397029397646,0.6338760882943888
2024-01-23,0.2912239797052685,13.19,0.45002222569550265,0.44614090421555086,0.5451186077205701,0.2742506225706383,0.47600915606740757,0.04755086918200991,0.479699223364366
2024-01-24,0.10926503741872651,12.55,0.3613371916355287,0.4244611343439403,0.47193202643588045,0.2742506225706383,0.4413504705493796,0.03468277849013568,0.4192198049004533
2024-01-25,0.5424039758931798,13.14,0.3194952594583763,0.39970979718743077,0.4051071092358245,0.2742506225706383,0.42863047871665955,0.029960094809065307,0.39141102016529883
2024-01-26,-0.12712611845246968,13.45,0.3315854190927455,0.39337933374006867,0.38715461724477157,0.2742506225706383,0.43064589839806666,0.030708380638573896,0.38928918633941545
2024-01-29,0.7888187859521167,13.26,0.3239007021160071,0.370746236715232,0.34479642663528887,0.2742506225706383,0.42763088128057203,0.029588963871158024,0.3817933057697174
2024-01-30,-0.07737233774411933,13.6,0.35197689131573096,0.38583556713657635,0.3893549136680215,0.2742506225706383,0.4430328829842314,0.0353074252552748,0.4019811231230379
2024-01-31,-1.6451926207770917,13.31,0.3521940704085183,0.36304462182726116,0.34301188753131356,0.2742506225706383,0.431035508875285,0.030853035373178392,0.38507996841133246
2024-02-01,1.3003267148412156,14.35,0.47708012072356193,0.5036614700851894,0.853339199765716,0.2742506225706383,1.4567697814110392,0.41168806842392736,1.6210591410807649
2024-02-02,1.0472382996580265,13.88,0.5425989661502013,0.574892755799863,0.9825731374017872,0.2742506225706383,1.881583472323356,0.5694130663603335,1.7012000347797984
2024-02-05,-0.36478299978632833,13.85,0.5628023955356958,0.6062016738281093,0.988241021670369,0.2742506225706383,1.8441972428008406,0.5555322920340044,1.587874601243103
2024-02-06,0.28991541843712554,13.67,0.5641823140908734,0.5778135716144094,0.8654702729042079,0.2742506225706383,1.3299672879301598,0.36460878766992993,1.388978371140094
2024-02-07,0.8305691682191529,13.06,0.5672926828724407,0.5481878143083991,0.7335563244751465,0.2742506225706383,0.8151982431021312,0.17348512976977795,1.114879583177823
2024-02-08,0.044161102517303874,12.83,0.5044603241937984,0.5566872540416705,0.7178820875553797,0.2742506225706383,0.694284579939726,0.12859225630372478,1.0595132751393026
2024-02-09,0.5762757131336116,12.79,0.5034556109744484,0.5234030309777029,0.6064665619697437,0.2742506225706383,0.5183674566016884,0.06327767603235243,0.780852057016171
2024-02-12,-0.04388841620057704,12.93,0.504124976401272,0.5119244709718999,0.5574180857923713,0.2742506225706383,0.47008955922449236,0.04535303888650309,0.6409028386094667
2024-02-13,-1.386888419388299,13.93,0.5041241989847325,0.48132457429818154,0.47841369956876567,0.2742506225706383,0.43978849078458604,0.034102846015149575,0.5041166111669327
2024-02-14,0.9046544984960825,15.85,0.5954891635423534,0.5678526691102932,0.8117762851425536,1.007459545269757,0.914278327100281,0.2102716231866596,1.3099338683853552
2024-02-15,0.6875976302425535,14.38,0.6280190980594667,0.5828854946626275,0.8027351446171996,0.2742506225706383,0.809439635910545,0.17134707177673417,1.2390659642616972
2024-02-16,-0.49922249213825154,14.01,0.6357368697284281,0.5762797950497804,0.739646099497204,0.2742506225706383,0.6347374510320958,0.10648357434504124,1.0696668849388609
2024-02-20,-0.552069773155317,14.24,0.6102792863247994,0.5566563931461972,0.6882711121707946,0.2742506225706383,0.559350530407472,0.07849388815009935,0.9671801672598617
2024-02-21,0.09053748279903573,15.42,0.5517024294607485,0.5415438716233312,0.6582889351240402,1.007459545269757,0.5264491259821511,0.06627824148874985,0.909514837154575
2024-02-22,2.048435729133935,15.34,0.5499683359832528,0.5095430614734264,0.5573188477822033,1.007459545269757,0.45722958454863427,0.04057838231915952,0.6615646021946733
2024-02-23,0.06893939730465704,14.54,0.74574345646121,0.7307358139685696,1.1730587422696532,0.2742506225706383,2.0305996108201545,0.6247398381656941,1.7332060273766605
2024-02-26,-0.36693371466034463,13.75,0.7454012560849533,0.6871768235604991,0.9779882000436518,0.2742506225706383,1.3058666927155376,0.35566070899024105,1.4903486540038833
2024-02-27,0.18560288413178583,13.74,0.7378030788416063,0.6540246352041355,0.8574562453099684,0.2742506225706383,0.9166206683850637,0.21114128860049144,1.3329543905326267
2024-02-28,-0.1322377338570213,13.43,0.7386739064894753,0.6168500629277694,0.7215454580925589,0.2742506225706383,0.6061597611897778,0.09587323817219603,1.0553879087916473
2024-02-29,0.35884218843387217,13.84,0.7098763703554118,0.5808882682474417,0.6184034609743239,0.2742506225706383,0.4932618790807952,0.053956467117989834,0.8085158828971937
2024-03-01,0.9344401102995725,13.4,0.7157230959531271,0.5537610351245957,0.537504012497449,0.2742506225706383,0.4489379217331051,0.03749985041577357,0.6123682835615265
2024-03-04,-0.10730564764225292,13.11,0.6284145035853786,0.5729260722013206,0.5876511064687655,0.2742506225706383,0.4727440679319761,0.046338605946526265,0.6562664823879086
2024-03-05,-1.0044185199072686,13.49,0.5484461672371013,0.5392413779901968,0.5070607787514251,0.2742506225706383,0.4422095323514653,0.03500173130135567,0.5154725405065003
2024-03-06,0.5054364400500333,14.46,0.544262762801962,0.5674182890987475,0.6546687787161558,0.2742506225706383,0.5596141698953616,0.07859177232514572,0.7984841047483957
2024-03-07,0.9877488768295528,14.5,0.5500913036589781,0.5487011514486497,0.5852334109224123,0.2742506225706383,0.4818437590410146,0.04971714291955257,0.6175406556701163
2024-03-08,-0.6020138506827699,14.44,0.5925482986032861,0.5743179529824134,0.6435420596907735,0.2742506225706383,0.5087804872414408,0.05971822219433205,0.6901662111315868
2024-03-11,-0.08603970112996961,14.74,0.5769566573279356,0.5616041163883024,0.634016603611834,0.2742506225706383,0.5043648102091458,0.058078767850685914,0.6827692383418412
2024-03-12,1.0699800767818957,15.22,0.5772163062419826,0.5283520392152363,0.5434523571594717,1.007459545269757,0.4529465437364677,0.03898817320464222,0.527690988704448
2024-03-13,-0.15686878968192985,13.84,0.6159193380116273,0.5653423587449337,0.6375116768895693,0.2742506225706383,0.5026686662914994,0.05744902285509476,0.6461084866350797
2024-03-14,-0.19786785900866022,13.75,0.6169994153497074,0.532898286250814,0.5519047925116696,0.2742506225706383,0.45494288343613887,0.03972937501086174,0.512141777379022
2024-03-15,-0.6890305709755573,14.4,0.5272704725780547,0.5032734904534855,0.48604482113244923,0.2742506225706383,0.4384777003328334,0.033616175209287016,0.4468815769780654
2024-03-18,0.5925594085373298,14.41,0.5109068233442312,0.5015628686906105,0.5289034986438286,0.2742506225706383,0.4690480587935133,0.04496635018780755,0.49483305942203415
2024-03-19,0.5541659792312359,14.33,0.5051133067504662,0.49253669572794045,0.4969690764526365,0.2742506225706383,0.4498557757432965,0.03784063162165337,0.4488932117306253
2024-03-20,0.920682967200559,13.82,0.5078693465543038,0.48141048993650287,0.4641553165144185,0.2742506225706383,0.4397447347411948,0.034086600253769375,0.4202519850985353
2024-03-21,0.32992800758950835,13.04,0.5337205890143734,0.5033852881059062,0.5235354423342389,0.2742506225706383,0.46409076745164257,0.04312580506557395,0.4575305984799281
2024-03-22,-0.18975672017029765,12.92,0.5385137058905827,0.4797133202310708,0.45735735324907856,0.2742506225706383,0.4379523720533406,0.03342113111449574,0.40886049562193405
2024-03-25,-0.2766766793091513,13.06,0.3404145952456929,0.4530909777881938,0.40794662869056003,0.2742506225706383,0.43180223056518524,0.031137704110425546,0.3933496862274556
2024-03-26,-0.1848732772148587,13.19,0.3438335164063029,0.4304985182133145,0.37800158533424555,0.2742506225706383,0.4322032392310968,0.03128659076911012,0.38982425201554527
2024-03-27,0.8368906231477347,13.24,0.33904960105743254,0.4067192948382053,0.34261169347166204,0.2742506225706383,0.4295208672753569,0.03029067863107336,0.3838251742433879
2024-03-28,-0.019117131527579545,12.78,0.37076090984384047,0.4243392920546692,0.40020075589509396,0.2742506225706383,0.44810324475367497,0.037189951211311814,0.4092115536754532
2024-04-01,-0.17412622981112236,13.01,0.3699456072944215,0.3989008624144596,0.34882925181311886,0.2742506225706383,0.431852104008001,0.031156221142323234,0.38666089678743604
2024-04-02,-0.63783376073836,13.65,0.36525761813767027,0.3767860073040861,0.3177012889314858,0.2742506225706383,0.42911812668260757,0.030141148941896283,0.3821334055759077
2024-04-03,0.10979956360186449,14.61,0.3430506460710494,0.37858876124609936,0.3771759856737064,0.2742506225706383,0.4553937201053426,0.03989676183063937,0.4170746752803942
2024-04-04,-1.2281383205456464,14.33,0.3430764290306321,0.356596792221363,0.3276970686593731,0.2742506225706383,0.4332460632930396,0.03167377090604196,0.38821009770483283
2024-04-05,1.0392704119589702,16.35,0.36686058004301175,0.4257004087516421,0.6072253113876981,1.007459545269757,0.6876392090130228,0.12612496031462905,0.7687248803700538
2024-04-08,0.05592133788878684,16.03,0.40612805595934115,0.4649633635769457,0.6788275542558153,1.007459545269757,0.7123829644035291,0.1353118317629696,0.8416956454867703
2024-04-09,0.11560889479591552,15.19,0.3598175489285425,0.4372531935242052,0.5743685628377107,1.007459545269757,0.5249128590600469,0.06570785568833395,0.5906902767628767
2024-04-10,-1.0063633015754192,14.98,0.3431958698876872,0.41181992690610886,0.4868459519322493,0.2821028468067396,0.4577794726378935,0.035681454955064806,0.4635869515794719
2024-04-11,0.7518628480133849,15.8,0.39107035867755596,0.447876756977209,0.6329751473730676,1.0076617417233977,0.5660719275961663,0.07549659590153165,0.6868505186607639
2024-04-12,-1.389930416260654,14.91,0.3634722814162515,0.4549220160919444,0.615401510045839,0.2821028468067396,0.5159933512468249,0.057084550699345434,0.6123837302911868
2024-04-15,-1.260729572127417,17.31,0.4542960311719772,0.5435410888492187,0.9130372298604008,1.0076617417233977,1.1402894675968849,0.2866152033601163,1.4143902417050986
2024-04-16,-0.1825434939031645,19.23,0.5281192390009253,0.6062949667604604,1.0933478649304724,1.0076617417233977,2.0050715695209376,0.6045636817592356,1.6564239293016325
2024-04-17,-0.5935853091060928,18.4,0.5070982389736621,0.5719165963848152,0.9320810924997612,1.0076617417233977,1.3567078388297709,0.36618425512242353,1.4592639913637921
2024-04-18,-0.2059788483788516,18.21,0.5071561849993985,0.5587422117529208,0.869301532452781,1.0076617417233977,1.1203421598738945,0.27928131413579843,1.3969754057989876
2024-04-19,-0.876668744336051,18.0,0.49455272563950164,0.5277633162065142,0.7501931185194406,1.0076617417233977,0.7447284567470009,0.141182011306399,1.1861110390492893
2024-04-22,0.9166950974915267,18.71,0.49078562855390745,0.5422104024718682,0.8023212231602894,1.0076617417233977,0.8445596618991537,0.17788626282161463,1.3405474673637863
2024-04-23,1.179669941147754,16.94,0.5256178862478607,0.5600975724294561,0.7974389331017809,1.0076617417233977,0.7561736874565521,0.1453900004413872,1.3179311546467973
2024-04-24,-0.047463888296572776,15.69,0.590170912781087,0.6099889882865416,0.8813875276459809,1.0076617417233977,0.8834101202948198,0.19217014324019335,1.4486083081414942
2024-04-25,-0.38061791230310504,15.97,0.586632952581977,0.5735248182308829,0.7477429475788504,1.0076617417233977,0.6049069181269797,0.0897747893567897,1.2132841288537706
2024-04-26,0.9429358245336417,15.37,0.5919039938456825,0.5478055288469883,0.6740812553365126,1.0076617417233977,0.5215742481411959,0.05913644061672431,1.0509455922565674
2024-04-29,0.35352488096522805,15.03,0.6008917107064603,0.5682848752675053,0.6996493745814077,1.0076617417233977,0.5250580788280316,0.06041731664713136,1.072770743040441
2024-04-30,-1.596807746577067,14.67,0.6068257286466334,0.5416865732391437,0.6063210969796092,0.2821028468067396,0.4645459864145967,0.03816925246449848,0.8113451729459931
2024-05-01,-0.3252485744940081,15.65,0.7268007303428379,0.662173077616507,1.0210433030129547,1.0076617417233977,1.3898935690099363,0.37838542393925223,1.6383166257655501
2024-05-02,0.9309908646960352,15.39,0.71246524124154,0.6287898910721397,0.8901406227873911,1.0076617417233977,0.951508541691197,0.21720742074187516,1.4746199100664712
2024-05-03,1.2319310495493951,14.68,0.7531646720025073,0.6430671370166596,0.8738270471356974,0.2821028468067396,0.8486628682401615,0.1793948604322479,1.4416947020938957
2024-05-06,1.0273734790535727,13.49,0.7536089756430402,0.6955423554462926,0.9645903413128907,0.2821028468067396,1.0551332792318524,0.2553064141787825,1.5391319901328002
2024-05-07,0.11029396791810697,13.49,0.7524381792758629,0.7171395900472736,0.9649649954656301,0.2821028468067396,1.0231617140289466,0.24355164903541832,1.5296369582965197
2024-05-08,0.00965344175263283,13.23,0.7528685394343319,0.6748411002059843,0.8129152513267371,0.2821028468067396,0.6578683381363203,0.10924674982909993,1.3277556851092005
2024-05-09,0.5745300470241688,13.0,0.752236528595367,0.6343562255298856,0.6891234148917309,0.2821028468067396,0.51069528344576,0.05513664660644611,1.0648935457909727
2024-05-10,0.12873976622662653,12.69,0.7197278466989774,0.616099938494108,0.6262445234883571,0.2821028468067396,0.4696104029316794,0.040031251599313145,0.8744197811238154
2024-05-13,0.013427002276689137,12.55,0.69359814123161,0.5801283778289468,0.5344745988455089,0.2821028468067396,0.4425129055027992,0.03006850137961311,0.6434602298170544
2024-05-14,0.45777224002261363,13.6,0.6016111756289254,0.5453314922226182,0.45999712298657375,0.2821028468067396,0.4340309522837422,0.026950000067142023,0.506846603048148
2024-05-15,1.230691366604031,13.42,0.5359024313288655,0.5251849281133804,0.420553556761551,0.2821028468067396,0.43396396557974437,0.02692537152711826,0.4476255740337045
2024-05-16,-0.20596498136340458,12.45,0.6064395319320712,0.5845499068165995,0.5912831511256471,0.2821028468067396,0.5117886668118753,0.055538643336940224,0.622703881267781
2024-05-17,0.1436396538420759,12.42,0.5916813440445212,0.5520222068204851,0.5215243899618812,0.2821028468067396,0.46469664311032977,0.03822464337402629,0.5034481480653725
2024-05-20,0.11516404615488085,11.99,0.590643489957683,0.5201388154206082,0.4485545734181006,0.2821028468067396,0.44086827017553004,0.029463829637837655,0.4315922824770311
2024-05-21,0.24495079726367663,12.15,0.5546775218734455,0.48972625194697755,0.3882018951208613,0.2821028468067396,0.43298039629168794,0.026563749382254392,0.4006348620963587
2024-05-22,-0.28836045389626364,11.86,0.5175189976503558,0.46394273041496553,0.34240190064453335,0.2821028468067396,0.4307041944330242,0.025726873924400692,0.3879816554294663
2024-05-23,-0.7331079688605691,12.29,0.4552109300943421,0.44109527167234314,0.3267483711077828,0.2821028468067396,0.4354482216887509,0.02747107774648061,0.3904435577586479
2024-05-24,0.6594902217256227,12.77,0.48069638120456315,0.4468763930124147,0.40862506176310154,0.2821028468067396,0.46960169371349786,0.04002804954105744,0.4396584599397531
2024-05-28,0.06983436867828985,11.93,0.4945086363181696,0.4461594505847725,0.4110898913229988,0.2821028468067396,0.45688802553463603,0.03535370273930617,0.4234357969088648
2024-05-29,-0.70270388456386,12.92,0.45240143964482465,0.41968249389260787,0.35744063562229267,0.2821028468067396,0.43845130177596625,0.028575199515555674,0.3959173160119729
2024-05-30,-0.665572792179514,14.28,0.46996395906957034,0.4241291092219197,0.4251793057930049,0.2821028468067396,0.46804498726620697,0.03945570600488916,0.4400459642707212
2024-05-31,0.9066638288177664,14.47,0.3696397763153372,0.4252605911699826,0.4707215682672997,0.2821028468067396,0.48530296340183565,0.04580082720982981,0.47132039645705176
2024-06-03,0.0815145359318592,12.92,0.4037470459951519,0.44906731360897323,0.5218271439859395,0.2821028468067396,0.4919758406592818,0.04825419802523946,0.4927616515925436
2024-06-04,0.11173031300009129,13.11,0.36278993311042407,0.42252195196652603,0.44843819288878606,0.2821028468067396,0.4502071169203293,0.03289737909024326,0.4247741949424698
2024-06-05,1.1815126311597979,13.16,0.2911151498722918,0.3979196546191203,0.38808492826938396,0.2821028468067396,0.436075298285284,0.027701630679137064,0.3973680426565508
2024-06-06,-0.0018804234056091218,12.63,0.30732828473550644,0.4578028011973821,0.5454001402461179,0.2821028468067396,0.5017647827551501,0.051853230934909664,0.5064710585040155
2024-06-07,-0.1216327060246769,12.58,0.3067491788608904,0.4303348452850702,0.4694674640768567,0.2821028468067396,0.4545059567113603,0.034477903903833734,0.42900008531752293
2024-06-10,0.3085031186975229,12.22,0.3074492420150435,0.4054024254784591,0.4136419216521505,0.2821028468067396,0.4401761969138145,0.02920937982902039,0.40305984089871905
2024-06-11,0.24053238720558312,12.74,0.29626302293468654,0.38678873040451744,0.3673639434620419,0.2821028468067396,0.43369036881511797,0.026824780089327913,0.389687702543735
2024-06-12,0.8179248926568405,12.85,0.2982288277864356,0.3670527563379354,0.3250349116563165,0.2821028468067396,0.43091294893372717,0.025803625253677506,0.38310866894240037
2024-06-13,0.2011610454341728,12.04,0.3300774394834625,0.3851696587593215,0.3781122472149279,0.2821028468067396,0.4475462150315213,0.03191906362229647,0.405664263893442
2024-06-14,0.06082055357010674,11.94,0.3220255510294076,0.3644874252057724,0.332146509449258,0.2821028468067396,0.43530882761049045,0.02741982768593685,0.3881378124935063
2024-06-17,0.7927520918585174,12.66,0.25007783197716377,0.34284012807762043,0.29260709064532403,0.2821028468067396,0.4313155161175119,0.025951634357072415,0.3820814619538755
2024-06-18,0.2537375436141076,12.75,0.2779842274818317,0.35997707314172656,0.34516758605187636,0.2821028468067396,0.446100341851721,0.031387469390116135,0.4023909011727771
2024-06-20,-0.27201267770324833,12.3,0.28006757942866267,0.3422414132155822,0.3074803934049674,0.2821028468067396,0.4351583972324403,0.027364519985072513,0.3873728256307214
2024-06-21,-0.13416197490387916,13.28,0.28295939558602107,0.32614638223252473,0.29586674205864555,0.2821028468067396,0.4367679534175958,0.027956294420308267,0.3891504839442517
2024-06-24,-0.32559396840907695,13.2,0.28095932617792585,0.3076575654291798,0.27184167507490375,0.2821028468067396,0.4340240994321902,0.026947480526417475,0.3852290872968843
2024-06-25,0.3843342554691098,13.33,0.2820478824109311,0.29555879743929125,0.273981094714626,0.2821028468067396,0.4380859540996449,0.028440874652084745,0.3904285043859276
2024-06-26,0.12474884971682698,12.84,0.2634890979309371,0.2866880387885534,0.25916857928827725,0.2821028468067396,0.43402919145293695,0.026949352674609236,0.3852195474458179
2024-06-27,0.15752311348995462,12.55,0.24351933235731618,0.2704204929915805,0.2325150793607326,0.2821028468067396,0.4307170924175821,0.025731616037535873,0.38061574358305594
2024-06-28,-0.39428552605080824,12.24,0.24446869865421497,0.2556840752890998,0.21111436618835908,0.2821028468067396,0.42963459327330067,0.025333621033907922,0.37889862656858464
2024-07-01,0.2055955294986589,12.44,0.22835766659097798,0.24967069533494357,0.23502977513912757,0.2821028468067396,0.4388252529801997,0.028712687578868926,0.39064942264119823
2024-07-02,0.6707061624447341,12.22,0.2092758751652732,0.23722662491983698,0.21463015586169168,0.2821028468067396,0.4324340905238839,0.026362892903810276,0.3825869609377419
2024-07-03,0.4452835265170485,12.03,0.19155242077740892,0.2499838328051273,0.253773648302837,0.2821028468067396,0.44012415865159593,0.029190247279613852,0.39325579700550306
2024-07-05,0.5749703513258986,12.09,0.20067779217832668,0.24688144797606718,0.24937662851629422,0.2821028468067396,0.4359555312869944,0.0276575967718859,0.38789954906244173
2024-07-08,0.11533613338015059,12.48,0.21582575608598045,0.2519040153917328,0.26463137986118523,0.2821028468067396,0.4379466003965885,0.028389639436014164,0.39078913513484714
2024-07-09,0.09719706044259979,12.37,0.1499843430418345,0.23758791988801387,0.2369281341805827,0.2821028468067396,0.43201681194144465,0.026209474961810905,0.382630944583645
2024-07-10,0.9846649786408257,12.51,0.15043404459262014,0.22389948080825398,0.2140760179563146,0.2821028468067396,0.4300997950282297,0.025504658558619872,0.37973360802551526
2024-07-11,-0.8659942234262807,12.85,0.19589931149675596,0.26863941916946305,0.33007201691768173,0.28703859025372697,0.4606304594636511,0.034491253833772405,0.4185709304332913
2024-07-12,0.6287722423663489,12.92,0.22707892200921256,0.2975178137197565,0.45241529085561827,0.28703859025372697,0.5155470935186983,0.05460524937445832,0.525007447016125
2024-07-15,0.2746407847017629,12.46,0.2431502888413835,0.30338801686279554,0.44024351613742607,0.28703859025372697,0.4759263362229205,0.04009358548101856,0.46533279363833646
2024-07-16,0.5912602733103789,13.12,0.2148848807744262,0.2897103894883238,0.3868859681980162,0.28703859025372697,0.44640912545170025,0.029282488696924132,0.4106906956746155
2024-07-17,-1.4120349950791145,13.19,0.22960502099323069,0.29330308876672817,0.37964104013257055,0.28703859025372697,0.4432093484448975,0.028110525018642148,0.4012239306944131
2024-07-18,-0.7714284424422679,14.48,0.32437376802139745,0.39533547308040906,0.7278133436666574,0.28703859025372697,0.8382438955035523,0.1727975265925196,1.114540772923604
2024-07-19,-0.6663071497673201,15.93,0.322785480529152,0.4073214552041187,0.7497657463413895,1.0016446284987643,0.8389723576739531,0.17306433618671863,1.145248438338912
2024-07-22,1.0257340720209562,16.52,0.3408608365668534,0.4095200809617346,0.7380038090646762,1.0016446284987643,0.7645819896347019,0.1458178095785576,1.1206862223453116
2024-07-23,-0.15699066722243415,14.91,0.38743890750368204,0.4480766992943121,0.7756813258361878,0.28703859025372697,0.7549701883109079,0.14229735111835848,1.183571003016075
2024-07-24,-2.292322256147994,14.72,0.38775541388867424,0.42267086151235006,0.6690819460434877,0.28703859025372697,0.5616361974460986,0.07148603689578932,0.9304411073681944
2024-07-25,-0.5224022231694825,18.04,0.6329330278775818,0.712595089383495,1.5621448314057873,1.0016446284987643,2.9453204563418236,0.9445441800036217,1.813558135664349
2024-07-26,1.1137423940571267,18.46,0.6388945165845066,0.6862136289868304,1.3722224545225026,1.0016446284987643,2.766814859256792,0.879163975161555,1.6028639823117938
2024-07-29,0.05874783329309352,16.39,0.697221175861384,0.7194661384668265,1.3274875536355086,1.0016446284987643,2.717574191542,0.8611288827368636,1.5620597356917072
2024-07-30,-0.5079483585727296,16.6,0.6962039271296252,0.6765052486338149,1.1123001236449004,1.0016446284987643,2.1676935119448637,0.6597272905300371,1.382140194348817
2024-07-31,1.6124186196891266,17.69,0.7010872823164618,0.6513956258143898,0.9987776353299064,1.0016446284987643,1.7692365542613537,0.513786782559942,1.300614463791435
2024-08-01,-1.426223368974977,16.36,0.8228789148579073,0.7683055165727378,1.2387564653114274,1.0016446284987643,2.59819567565734,0.8174048093759423,1.5756481934483868
2024-08-02,-1.8793971055724334,18.59,0.8983201692326213,0.8442539714709936,1.4426110733667767,1.0016446284987643,2.927181370823617,0.9379004828524159,1.629946287794436
2024-08-05,-2.955606364407526,23.39,1.0570752197776965,1.0055267420087766,1.8859340000063187,1.0016446284987643,3.0018817918545597,0.9652605707630778,1.723651644552348
2024-08-06,0.917713914602647,38.57,1.4573141757978132,1.4693316763678268,3.1907349385542982,4.747857745922062,3.0049858585996403,0.9663974792015295,2.81658732588566
2024-08-07,-0.6706286170590658,27.71,1.4967854331974428,1.431703705529076,2.762342042827055,4.747857745922062,2.8850493606937917,0.9224690370172253,2.033854995929998
2024-08-08,2.2854124897716765,27.85,1.5177518843145796,1.3727860477184446,2.396140073354013,4.747857745922062,2.7476409524685974,0.8721412600539848,1.6932713828632875
2024-08-09,0.4400089023521403,23.79,1.7203016523261336,1.6038054997596003,2.821229935318134,1.0016446284987643,3.0014563759751995,0.9651047561679625,1.954160991999545
2024-08-12,0.0525044141204134,20.37,1.693809358951917,1.5191936398229722,2.3620097926874877,1.0016446284987643,2.7774186352203363,0.8830477583925405,1.6036711850608456
2024-08-13,1.6311928839693124,20.71,1.6751142247010464,1.4282074242437215,1.9641324251664103,1.0016446284987643,2.275957539174709,0.6993805248986075,1.3503630436247132
2024-08-14,0.31499057837205413,18.12,1.7982267325148813,1.5021623922718257,2.043468448627771,1.0016446284987643,2.81554743730154,0.8970129725435805,1.6014883505717648
2024-08-15,1.6994756768858643,16.19,1.7863043684038382,1.417985792603306,1.7095869798166075,1.0016446284987643,2.3627368753663203,0.7311646866779351,1.436052028567559
2024-08-16,0.22395024876775693,15.23,1.828893642165676,1.5061996996267075,1.8710095104829607,1.0016446284987643,2.876984626036283,0.9195152136496945,1.611705510745903
2024-08-19,0.9516136651841478,14.8,1.8029437313139727,1.4188369404844934,1.5622150292889097,0.28703859025372697,2.472284579210141,0.7712880857995621,1.461132857047311
2024-08-20,-0.16273925237122455,14.65,1.8249248432155993,1.388040838121336,1.4313859591879072,0.28703859025372697,2.2818980353405527,0.7015563158123308,1.4400243686866339
2024-08-21,0.3430805002660797,15.88,1.7760845421564402,1.3063474316897965,1.209450233089838,1.0016446284987643,1.6281636196945803,0.462116820887796,1.2602087125471217
2024-08-22,-0.7879636508589805,16.27,1.7805158831120529,1.2350288395681779,1.0251685803675814,1.0016446284987643,1.0147077523302033,0.23742991512794348,1.014399991173261
2024-08-23,1.0569367869091906,17.55,1.5598561397331765,1.1981803120985879,0.9996249994727315,1.0016446284987643,1.0190866722117518,0.2390337565957618,1.1387307331920633
2024-08-26,-0.2386891043338224,15.86,1.6000566772926768,1.1933164156639882,1.0012807089859532,1.0016446284987643,1.0132085929307446,0.2368808267507268,1.2329846776441153
2024-08-27,0.13722995578779873,16.15,1.543701932921609,1.1251357800358097,0.8632381803619549,1.0016446284987643,0.6973688149382284,0.12120003175253366,1.0179568760321482
2024-08-28,-0.5822128424004092,15.43,1.544434349723937,1.0587575568795924,0.7300475082043455,1.0016446284987643,0.5245780443217164,0.05791296309919207,0.7531295209926769
2024-08-29,0.008941077464186264,17.11,1.5482896001467574,1.0155704110981747,0.7006624624381574,1.0016446284987643,0.5085828249615705,0.052054487312788715,0.7418527049568739
2024-08-30,0.9500832418984473,15.65,1.424488940039426,0.9546409830042575,0.5973522523581095,1.0016446284987643,0.4576704601785689,0.03340711214437286,0.5599244898006221
2024-09-03,-2.079371431089161,15.0,1.3706101337692322,0.9515220140161779,0.6365470922401795,1.0016446284987643,0.4765656389764048,0.04032773917514047,0.6070169992657108
2024-09-04,-0.2048792162522517,20.72,1.408307851292839,1.1538578260809946,1.366515915905139,1.0016446284987643,2.6684153941222455,0.8431237764680546,1.8489264462263912
2024-09-05,-0.24353851608385213,21.32,0.9943253042416897,1.0871448861112631,1.1601779070292177,1.0016446284987643,2.166041739430796,0.659122305436652,1.5627843699259958
2024-09-06,-1.697329602448061,19.9,0.9570449318493569,1.0254748534735667,0.9946331284311646,1.0016446284987643,1.5470962797973482,0.4324247587058034,1.3697882765005214
2024-09-09,1.1133908424193706,22.38,1.072815647912592,1.1368020290259424,1.3978631632157401,1.0016446284987643,2.8645494785656225,0.9149606646487137,1.654508228550229
2024-09-10,0.43464976520120047,19.45,0.8831265488449227,1.1429722573633847,1.348474186188964,1.0016446284987643,2.8032440083077654,0.8925066673015682,1.5900045020968046
2024-09-11,1.0206719341086412,19.08,0.8829033385706522,1.085729147024949,1.1488380346315368,1.0016446284987643,2.3736838993021205,0.7351741893435166,1.4482225830293651
2024-09-12,0.8387860874505826,17.69,0.9323802187408878,1.0830916700280766,1.1123041678743082,1.0016446284987643,2.2565726897199347,0.6922805490497715,1.452794679028409
2024-09-13,0.5209276852494504,17.07,0.8391788794927227,1.0603198958564315,1.0297967100052312,1.0016446284987643,1.9213353001729834,0.5694951039028681,1.3940279264219964
2024-09-16,0.14754929621396684,16.56,0.847376336102065,1.0129826413006067,0.8978049305184047,1.0016446284987643,1.312359283934366,0.34644900710949633,1.2198778432954342
2024-09-17,0.04085522775651995,17.14,0.7108788703157114,0.9535099305113643,0.7586620436886629,1.0016446284987643,0.8019565041276508,0.1595067552100932,0.9489206873239506
2024-09-18,-0.2970032284597579,17.61,0.7085700815400874,0.8963994836587846,0.6442830233769976,1.0016446284987643,0.5669729229967232,0.07344068826461736,0.703927407883858
2024-09-19,1.6920176620950578,18.23,0.6696482886805784,0.8479081697021887,0.5767406937193914,1.0016446284987643,0.4944933206339215,0.04689400666620106,0.5862002704782181
2024-09-20,-0.17300032778537755,16.33,0.8047168460414964,0.968809105650555,0.9341873710359059,1.0016446284987643,1.0663165157410797,0.25633235616368055,1.4106416189216775
2024-09-23,0.24959487559703675,16.15,0.8005370786010689,0.9124763061163526,0.801049321284023,1.0016446284987643,0.7098711790803574,0.1257791998120827,1.1363774687596893
2024-09-24,0.28569441809693785,15.89,0.7739375970224636,0.8614655838648294,0.6825257584666621,1.0016446284987643,0.5310703101564687,0.06029084747422972,0.8515043379593156
2024-09-25,-0.22079124596778854,15.39,0.724628355546741,0.8146749268648444,0.5870554072899345,1.0016446284987643,0.465887921362503,0.03641687376675724,0.6337266482555621
2024-09-26,0.3956947802163491,15.41,0.7242367501071374,0.7687193577107143,0.5201580577008992,1.0016446284987643,0.44785771839661986,0.02981305639350175,0.5231667877372526
2024-09-27,-0.14514528347753242,15.37,0.73079590717023,0.7319906577934993,0.46259929678305245,1.0016446284987643,0.43844619625370795,0.026365953021801246,0.4474512417186404
2024-09-30,0.3999306537888714,16.96,0.7156575909540304,0.6893352475248357,0.4102885630992822,1.0016446284987643,0.43553989441502533,0.025301478783184315,0.41031333003572634
2024-10-01,-0.8998799366906951,16.73,0.7232701902384958,0.6575718043437452,0.3725811779880097,1.0016446284987643,0.4340882709386626,0.0247698011115148,0.3910009911787027
2024-10-02,0.04219346110074795,19.26,0.7188476061395522,0.6667045301106274,0.49896045067441475,1.0016446284987643,0.4925310426000119,0.04617529452546646,0.5040169289729426
2024-10-03,-0.18300003788631614,18.9,0.5130378318409748,0.6268090755935694,0.4304399557204925,1.0016446284987643,0.45168802894434723,0.031215961917522142,0.42332134997768245
2024-10-04,0.9046405609817398,20.49,0.5126337137749871,0.5912098718899387,0.3872676020254343,1.0016446284987643,0.4412767990988705,0.027402701431180853,0.3992000012818881
2024-10-07,-0.9081596927419611,19.21,0.5487795964300839,0.6048397522509438,0.4505196204514114,1.0016446284987643,0.45985564523718303,0.034207467142104146,0.43167151600252684
2024-10-08,0.9413278791766011,22.64,0.45086656062887825,0.6180346087671575,0.566010317448183,1.0016446284987643,0.5261629239661934,0.05849344773103566,0.571796829012537
2024-10-09,0.6902483380820001,21.42,0.43403127530182123,0.6341184228080352,0.6122967334523459,0.9987837150684838,0.5382182076876558,0.06235139596669159,0.597830423254882
2024-10-10,-0.17515878814720054,20.86,0.44772281577017853,0.624657883533051,0.5840987336500235,0.9987837150684838,0.4971592572753459,0.047098183912614305,0.5316601806514061
2024-10-11,0.5970505043542573,20.93,0.3995756445315177,0.5890192465849796,0.5126546501342546,0.9987837150684838,0.4639071410127512,0.034745174994779776,0.456798995623526
2024-10-14,0.8144924674853726,20.46,0.38304741616242327,0.5750662500748612,0.4844675528539211,0.9987837150684838,0.45599075331826894,0.031804273218342165,0.42991165934549846
2024-10-15,-0.7799894476979929,19.7,0.40171562217818807,0.5803661538457943,0.507688171341617,0.9987837150684838,0.4651461696064563,0.03520546844337173,0.44103283088436207
2024-10-16,0.43369110153763657,20.64,0.429649562354711,0.5820471969262598,0.5723033502179603,0.9987837150684838,0.5036015424132743,0.049491463339752066,0.5197116637114858
2024-10-17,0.008589257374946868,19.58,0.4385266491127059,0.5584096434038599,0.5095255773303731,0.9987837150684838,0.46546516883857997,0.035323975197290414,0.44526947561920305
2024-10-18,0.3839177689651585,19.11,0.4343296423330265,0.5249094913201635,0.43970250022670737,0.9987837150684838,0.448367243056918,0.028972174067118918,0.4051502943189604
2024-10-21,-0.1643542102979012,18.03,0.3050186463561484,0.5022584930405848,0.3952546109995183,0.9987837150684838,0.44384133508337487,0.027290819980751543,0.3901644065477246
2024-10-22,-0.05313559241626464,18.37,0.3048797507860912,0.4737437218447085,0.3566178889198357,0.9987837150684838,0.44336183592231715,0.027112688238222323,0.38502221803071246
2024-10-23,-0.9179471218264901,18.2,0.30204764551262103,0.4454885020049116,0.3168035993912196,0.9987837150684838,0.4414152157570851,0.026389527761131185,0.3797576779167516
2024-10-24,0.21605438641163488,19.24,0.3382860082715634,0.4693168069927891,0.4615137073049921,0.9987837150684838,0.5071005363405392,0.050791323560545755,0.48778231916241127
2024-10-25,-0.03455675976731243,19.08,0.3381874712997396,0.44395856844648424,0.40128917193898195,0.9987837150684838,0.4621568740742149,0.03409495884223216,0.4179107086992326
2024-10-28,0.3086681584195894,20.33,0.3307884146595087,0.41739270451843213,0.3525440270928076,0.9987837150684838,0.44773740422420777,0.02873819182503164,0.3935720802027524
2024-10-29,0.16171123926795872,19.8,0.33432217078838333,0.39806570416865467,0.31716327145141204,0.9987837150684838,0.44261070513245837,0.02683364658949505,0.3831117256312083
2024-10-30,-0.3029793110565393,19.34,0.3279510277915064,0.3757507934128701,0.2810720607691138,0.9987837150684838,0.44003626577980437,0.025877254159292526,0.3773594438882843
2024-10-31,-1.9797791235857787,20.35,0.29376114981388,0.3587135335837956,0.27906216255264243,0.9987837150684838,0.44541371302769167,0.02787495118656603,0.3840491607158938
2024-11-01,0.4211536072835642,23.16,0.4803204398151378,0.5723622442599325,1.00752078887505,0.9987837150684838,2.246341286986294,0.696911297799795,2.097908258372036
2024-11-04,-0.2156206006242556,21.88,0.4871719325323552,0.5486627312600141,0.8653397724019598,0.9987837150684838,1.5943181950022869,0.45468770498224786,1.538190045369566
2024-11-05,1.2019183394180288,21.98,0.45041563247712707,0.5185325019892271,0.7476972910681837,0.9987837150684838,1.0508783739272103,0.25280230006447424,1.2219728669496304
2024-11-06,2.4561611888778145,20.49,0.47993247376799464,0.5740970135476371,0.8475121201269906,0.9987837150684838,1.2201003923108331,0.3156675049638791,1.379387246628739
2024-11-07,0.7702294128307585,16.27,0.7250100742267831,0.90161485987976,1.6915662212286713,0.9987837150684838,2.9438417450935828,0.9560295238744881,1.821705830999651
2024-11-08,0.4322419514413589,15.2,0.7305724828060522,0.8831131691903513,1.4877898934084333,0.9987837150684838,2.769546823359765,0.8912797586111836,1.6077026665425826
2024-11-11,0.0952501609303269,14.94,0.7380083163070351,0.8413363653140802,1.2608610482726648,0.2946300027977031,2.341689718088518,0.7323328033185958,1.41615943561651
2024-11-12,-0.3111375954521378,14.97,0.7214656157550151,0.7914005389846706,1.0550386979607562,0.2946300027977031,1.6452667501634481,0.4736148599123713,1.1724763814664172
2024-11-13,0.04858108045011633,14.71,0.6944850740270783,0.7497249028438145,0.9155589010937553,0.2946300027977031,1.1362556436921323,0.28451956480809715,0.9894537921825284
2024-11-14,-0.6451043437604831,14.02,0.6656268160679106,0.7048830159558477,0.7720241914676946,0.2946300027977031,0.7223473091698008,0.13075451397215923,0.7354472062692813
2024-11-15,-1.2891296932080465,14.31,0.6764873704862782,0.6875596118588154,0.7508717696394448,0.2946300027977031,0.6685998016955803,0.11078756107517043,0.7635671696248797
2024-11-18,0.40890854206718785,16.14,0.7556198271800123,0.7460173571019268,0.9745194352924258,0.9987837150684838,1.3016344614371755,0.3459570382697047,1.3932481271911727
2024-11-19,0.3648756080600002,15.58,0.7565633196775519,0.711288687422342,0.8368890488051449,0.9987837150684838,0.8341441158930976,0.17228651571100265,1.1431402121781422
2024-11-20,0.03388711941143541,16.35,0.7616167436258617,0.6765994187384308,0.7194534975652142,0.9987837150684838,0.59446016778474,0.08324502659005453,0.882798724687763
2024-11-21,0.5353789835276679,17.16,0.7615369791344608,0.6360723538258453,0.6113410279113558,0.9987837150684838,0.4936642164936548,0.0457997922672984,0.6549622201324191
2024-11-22,0.309461911060982,16.87,0.7350609666360599,0.6151058519564817,0.555351094960554,0.9987837150684838,0.46569374963501764,0.03540889191641114,0.5439698790501389
2024-11-25,0.3386295029679687,15.24,0.737398451231765,0.5839455013029436,0.4837024205717007,0.9987837150684838,0.44884902816629835,0.02915115502898178,0.4548022906937875
2024-11-26,0.5207908365875369,14.6,0.7428020593572277,0.555788967641587,0.42719627749256606,0.2946300027977031,0.44335122619990747,0.02710874677493298,0.4122530082548309
2024-11-27,-0.3034727689625427,14.1,0.7511804909501517,0.5387150153115047,0.40199014896846014,0.2946300027977031,0.44485441590541286,0.027667174866867483,0.3994778874036429
2024-11-29,0.6192931905347088,14.1,0.7543207384071143,0.511917857682922,0.3783911660570823,0.2946300027977031,0.44746942957934016,0.028638640471618217,0.3961141645562972
2024-12-02,0.17908211147048547,13.51,0.7682125285458935,0.5042142295725062,0.37823306640859977,0.2946300027977031,0.44975192733194896,0.0294865779343123,0.39600995583377013
2024-12-03,0.046374860279296826,13.34,0.583095624948877,0.4758855999570794,0.3316409625054099,0.2946300027977031,0.4424512416521701,0.026774406636810126,0.3823581529311271
2024-12-04,0.619022076094744,13.3,0.5747518281268755,0.44746150161961007,0.292736599422989,0.2946300027977031,0.4402375532817344,0.025952031544489777,0.3774054331765825
2024-12-05,-0.16468657614616689,13.45,0.590784975140165,0.4436051113639923,0.30787129433631705,0.2946300027977031,0.44656799884820897,0.028303763082987148,0.3856744812076997
2024-12-06,0.18937697404437515,13.54,0.5232856405560392,0.41861610478391753,0.28491728477956624,0.2946300027977031,0.4443875025404235,0.027493718689942628,0.38237886565696294
2024-12-09,-0.5162923886659065,12.77,0.23772068115358788,0.3956509567947747,0.25534930418119445,0.2946300027977031,0.44068364471372035,0.026117752468655137,0.3769424605412205
2024-12-10,-0.31139125987573735,14.19,0.2221637517347656,0.38790536922274904,0.2960166748681452,0.2946300027977031,0.4554295319542074,0.03159578205163316,0.39843210671483886
2024-12-11,0.7700940727592531,14.18,0.21788429517005914,0.37044891807300406,0.2925285682108219,0.2946300027977031,0.45227193700991225,0.030422749989620784,0.3949063928255873
2024-12-12,-0.5166009071435163,13.58,0.24569249934823448,0.38380467584255984,0.33931439507127126,0.2946300027977031,0.4598452544230218,0.03323620272757395,0.4078717690774178
2024-12-13,-0.019871782119373904,13.92,0.25379106572717564,0.3767889851276965,0.3650086644213125,0.2946300027977031,0.46624315745430883,0.03561299440533654,0.4203240084598202
2024-12-16,0.4261027887667801,13.81,0.2536974831722661,0.35420533928351067,0.3221132081450843,0.2946300027977031,0.44896752817410535,0.029195177239226804,0.3936490173902496
2024-12-17,-0.41285449526613505,14.69,0.2425262437558939,0.3438468341221897,0.3032664746601718,0.2946300027977031,0.4448173986492852,0.027653423125731734,0.385863992604929
2024-12-18,-3.025663268586598,15.87,0.1715068851059312,0.3334429541305456,0.3148950553314315,0.9987837150684838,0.45189053981819893,0.030281062679457883,0.39557312811587325
2024-12-19,-0.030711057079368942,27.62,0.5994798383963419,0.8627146697751615,1.9922952220097496,4.72614841609541,2.964350330579774,0.963648369466222,3.981566751270311
2024-12-20,1.1939342398227915,24.09,0.5931850269520454,0.8110083797302677,1.6583936060329103,0.9987837150684838,2.7186626742287463,0.8723765302263192,2.322538963214229
2024-12-23,0.5970376912924458,18.36,0.6610102951501037,0.8478766150877254,1.5920035079173611,0.9987837150684838,2.71326416091437,0.8703710072518143,1.927013654979829
2024-12-24,1.1053857723755556,16.78,0.6643352165225177,0.8183912584718906,1.3704824003229334,0.9987837150684838,2.3189109352208543,0.723870589795717,1.5430891685864194
2024-12-26,0.0066547939509220555,14.27,0.7179595513497935,0.8426004453097954,1.3229819954028192,0.2946300027977031,2.2950193478168512,0.714994974483531,1.5159343113503527
2024-12-27,-1.058212694629379,14.73,0.7125011868737076,0.7920470757681595,1.1075153168932628,0.2946300027977031,1.6028387275460132,0.4578530438035772,1.2728145649062301
2024-12-30,-1.1477399137807431,15.95,0.752910282664242,0.8117130976465562,1.1641176002036777,0.9987837150684838,2.0217759931947277,0.6134863195236339,1.4784384373039476
2024-12-31,-0.36445987590152384,17.4,0.8112536725777485,0.8420487263688885,1.2483558157448802,0.9987837150684838,2.476337964708294,0.7823540103337996,1.5714537298425166
2025-01-02,-0.24600901809188613,17.35,0.7993159080682006,0.7994956628552844,1.0824205920537822,0.9987837150684838,2.0124728821816733,0.6100302563846649,1.4648645386363126
2025-01-03,1.2425952637784121,17.93,0.8006706716079056,0.7551571493029193,0.9294100788383838,0.9987837150684838,1.4105654676599357,0.3864244082461574,1.314329905741271
2025-01-06,0.574409215262417,16.13,0.8740941174126017,0.8024902997186166,1.0127263131175481,0.9987837150684838,1.6619450508378277,0.47981077223680574,1.4558394339275584
2025-01-07,-1.1368476343658784,16.04,0.871558765788113,0.7741376385302028,0.8910941645475445,0.9987837150684838,1.1373491938093103,0.28492581366885894,1.3054162666402855
2025-01-08,0.14598727819148394,17.82,0.9318111884262341,0.8052347328441882,1.0194898439276423,0.9987837150684838,1.7044608539243646,0.495605198387892,1.5174226475814694
2025-01-10,-1.5385186454788702,17.7,0.9311182668593558,0.7581993859971624,0.8616681332198856,0.993323069607784,1.0560571973944732,0.26061382606639083,1.3157573613501246
2025-01-13,0.1549160599273236,19.54,1.0311412093303935,0.8547298001865009,1.1941011481901,0.993323069607784,2.4343913175685135,0.7791572888440603,1.586459700543722
2025-01-14,0.13751029415631777,19.19,1.0276666602302225,0.8048859513127152,1.0035096912589647,0.993323069607784,1.7753323211493484,0.5312125204632144,1.437299902921831
2025-01-15,1.802662771500163,18.71,1.0003268602349857,0.7577273390938898,0.846411540573924,0.993323069607784,1.1074301604893375,0.2799408628033155,1.232461838959031
2025-01-16,-0.19251094566197224,16.12,1.1423609826393257,0.9072392828134155,1.2207268278195342,0.993323069607784,2.4422602356737224,0.7821176567134082,1.5869528124190706
2025-01-17,0.9989837525583134,16.6,1.1441069624714717,0.8550285536965906,1.0395240943390267,0.993323069607784,1.8722799596906234,0.5676852185278628,1.4474190030735503
2025-01-21,0.9111867621075298,15.97,1.1829833887229317,0.8636049527473246,1.0164845484645644,0.993323069607784,1.7380111497309532,0.5171719121818421,1.438915130605682
2025-01-22,0.5605926317375776,15.06,1.2144030306838152,0.8616043345088854,0.9714345339840915,0.993323069607784,1.4989385453873842,0.42723034119618264,1.4037545560907827
2025-01-23,0.5443019634635782,15.1,0.793432834678307,0.82876392036386,0.8568262779212863,0.993323069607784,1.013515729035778,0.24460928842091836,1.2480073071633837
2025-01-24,-0.29236393211142797,15.02,0.807495761268944,0.7968139627878469,0.7599660900076284,0.993323069607784,0.7108353728664883,0.1307378274264075,1.0577606574334122
2025-01-27,-1.4246164957041785,14.85,0.7436861279250595,0.7541337251485554,0.6722352615705662,0.29426103369319295,0.5659563186762083,0.07623283814681583,0.8735108459943047
2025-01-28,0.8555661425871719,17.9,0.8233565162588041,0.8306576312295894,0.9758260092945827,0.993323069607784,1.3682955708508,0.37808111140332124,1.510735269080955
2025-01-29,-0.44932659696188537,16.41,0.8000286933336227,0.8247377788163035,0.9228352458095226,0.993323069607784,1.118133952662301,0.2839677394343026,1.4343870230581062
2025-01-30,0.5352925262446462,16.56,0.8096406030695665,0.7873671755315662,0.8317773118550081,0.993323069607784,0.8456494607870944,0.1814562729457981,1.330043357375192
2025-01-31,-0.5336069285753808,15.84,0.7699607926685476,0.7573174303188748,0.7379772535532132,0.993323069607784,0.6234760758109341,0.09787236197940087,1.1480526531520008
2025-02-03,-0.675236037940774,16.43,0.7207907662179869,0.7289625657531614,0.6969267703566729,0.993323069607784,0.5675166486561111,0.07681985032260996,1.0826167325071065
2025-02-04,0.6685865520402956,18.62,0.7361770855414059,0.712581434224009,0.69767441673687,0.993323069607784,0.5677099224819728,0.07689256192240257,1.1126856509642713
2025-02-05,0.4046365582382805,17.21,0.7545812541407677,0.6966470268247162,0.6509325879178651,0.993323069607784,0.5106529306912102,0.055427135168602634,0.9645715917162201
2025-02-06,0.346958199936509,15.77,0.6888520996025952,0.6646720498710085,0.5723417476972738,0.993323069607784,0.4674430901372418,0.03917114903361779,0.7380166390280916
2025-02-07,-0.9195814133996727,15.5,0.6788727684561571,0.632014526428939,0.5021286844565856,0.993323069607784,0.4502673095123396,0.032709443826739654,0.5662253658407862
2025-02-10,0.6768350730366635,16.54,0.6575969318898164,0.6448314533954109,0.6133207390461698,0.993323069607784,0.5274709870128851,0.06175426081585138,0.7984154954444597
2025-02-11,0.07602886171547141,15.81,0.6783966190659491,0.633627909157239,0.5831744131003413,0.993323069607784,0.49190318364010654,0.04837328761467499,0.6813913910653892
2025-02-12,-0.32267682912321405,16.02,0.5659557031291688,0.5959570578766297,0.5004003728169689,0.993323069607784,0.4569084034314629,0.0352078916174822,0.5198069222930468
2025-02-13,1.050227974846596,15.89,0.5697710055305786,0.5664468545672126,0.46294500362438695,0.993323069607784,0.454272708052162,0.03421631592563386,0.46893393376361114
2025-02-14,-0.004930030064542734,15.1,0.6213933730615988,0.5986387712422028,0.5585715945414775,0.993323069607784,0.4966503721183284,0.050159228712646636,0.5599571433163761
2025-02-18,0.2931639541434272,14.77,0.4666520034160649,0.5627219032794568,0.4819197918611522,0.29426103369319295,0.4594776878799498,0.036174482834574764,0.4552486383342047
2025-02-19,0.23521968306381424,15.35,0.46897984340698595,0.5341152953232299,0.4235955617873936,0.993323069607784,0.44667608406046866,0.03135838790047897,0.4076325254341968
2025-02-20,-0.4168998477847019,15.27,0.4240922129986599,0.5053880755618745,0.37227443656460535,0.993323069607784,0.4417989987730741,0.029523578287793548,0.3852581066895167
2025-02-21,-1.725202640510748,15.66,0.39283241145784575,0.4854931200131365,0.3728276366119222,0.993323069607784,0.4519714899793099,0.03335057403428996,0.3949569171803761
2025-02-24,-0.45608876765541595,18.21,0.5195971758419788,0.6349429818618638,0.9039462355743049,0.993323069607784,1.631511628072744,0.4771056975126151,1.6594158432548751
2025-02-25,-0.4985748088252251,18.98,0.5153949061539373,0.6093274207890382,0.8175288216540993,0.993323069607784,1.2303819086062242,0.3261965741652659,1.360117830849668
2025-02-26,0.05049810577126834,19.43,0.5231615809727685,0.5876823859414025,0.7549120063643906,0.993323069607784,0.9531542469117276,0.2219006784395844,1.2107750324024475
2025-02-27,-1.6090635445783263,19.1,0.42663862377534156,0.5525744463061075,0.6420070809161528,0.993323069607784,0.6365408685372517,0.1027874712853519,0.9191446469987841
2025-02-28,1.5484899891816006,21.13,0.5150715793062689,0.6747651089571992,1.054291706052839,0.993323069607784,2.0386183373549076,0.6302634258611954,1.5903268081929207
2025-03-03,-1.7675307713767907,19.63,0.6196395248233301,0.7781484772155054,1.2526930143939305,0.993323069607784,2.6036187002600637,0.8428223695623684,1.6151032347625314
2025-03-04,-1.1907450874336867,22.78,0.7547646171619232,0.9189094702484051,1.654937689721522,0.993323069607784,2.901625986150254,0.9549357734872179,1.6835865399204346
2025-03-05,1.0690426270505426,23.51,0.8087235461630569,0.9488473338283483,1.6702844773197358,0.993323069607784,2.878805556184169,0.9463504931814565,1.6322637681997492
2025-03-06,-1.791048740064216,21.93,0.8414334714733984,0.9604876221057149,1.5581815856570966,0.993323069607784,2.7815644814790064,0.9097674014159636,1.5615854686223816
2025-03-07,0.5589029144832836,24.87,0.9729024053646596,1.0953297001365092,1.9215945960255292,0.993323069607784,2.9088573853275768,0.9576563001833597,1.662617624251071
2025-03-10,-2.699667661162586,23.37,0.9799805826768017,1.0483522661973932,1.6382977569784374,0.993323069607784,2.678002611387328,0.8708063614597813,1.5051420565591613
2025-03-11,-0.8347629535146339,27.86,1.3213056059255581,1.4227434590691739,2.726175585883918,4.712912547056002,2.915382547395144,0.9601111332199782,2.0213380394272766
2025-03-12,0.529264900465698,26.92,1.3142198541489076,1.379188602838652,2.41445097700083,4.712912547056002,2.8264144809002323,0.9266404321746612,1.7259851144546536
2025-03-13,-1.3420225871057845,24.23,1.3057444074237847,1.3132445667602306,2.039210850125363,0.993323069607784,2.5098643403111316,0.8075510157252562,1.4898500419521086
2025-03-14,2.0445296815847946,24.66,1.3912322282089442,1.3425113702127431,2.0580543732013594,0.993323069607784,2.810398354881142,0.9206150009496298,1.603152865261038
2025-03-17,0.76817762883854,21.77,1.5853265750102874,1.5127667851328521,2.3707453834314656,0.993323069607784,2.9088519931025254,0.9576542715728732,1.6983677105930903
2025-03-18,-1.0867169402031251,20.51,1.560903625976841,1.457406590191761,2.0488702723444305,0.993323069607784,2.731020554542473,0.890752256602787,1.5452761808058597
2025-03-19,1.0831835229086373,21.7,1.6171383594496032,1.4408194172677218,1.9497542755587385,0.993323069607784,2.78718241194606,0.9118809245997778,1.566135210059126
2025-03-20,-0.28957162015963434,19.9,1.66891652327302,1.4247674448897043,1.7929112080484653,0.993323069607784,2.7021427346757476,0.8798881239574523,1.5325312347721187
2025-03-21,0.03297763113287999,19.8,1.670274781554031,1.3443125015884343,1.5217114253924702,0.993323069607784,2.3101741733021246,0.7324255224446962,1.4114904980408987
2025-03-24,1.775004289886617,19.28,1.662050116843185,1.2637190029424363,1.2732330689506888,0.993323069607784,1.6260543294278071,0.4750526056712841,1.2023367197487937
2025-03-25,0.24009615375373272,17.48,1.6703508824760724,1.3769342765128438,1.5556737220281511,0.993323069607784,2.6625883941936315,0.8650073745213914,1.5788669252929575
2025-03-26,-1.2010163524260875,17.15,1.6631903681458773,1.2977769897049132,1.3039248738152065,0.993323069607784,2.132482820377866,0.6655762091306213,1.4192579301313524
2025-03-27,-0.265920666619035,18.33,1.7200410080887227,1.3064567870503103,1.386100407867737,0.993323069607784,2.5838904087758277,0.8354003835350392,1.5458587796106824
2025-03-28,-2.034397769652063,18.69,1.7232869005767522,1.2323122078833983,1.1839239650728977,0.993323069607784,2.1129047641391914,0.6582107431468172,1.4259584126010616
2025-03-31,0.6690401824362979,21.65,1.7970816050850533,1.406699932520312,1.7834280566061282,0.993323069607784,2.9057021487277326,0.9564692677444041,1.6689208195677028
2025-04-01,0.28204873401938,22.28,1.7042146298049947,1.349154822511957,1.5443236289323112,0.993323069607784,2.699139796060125,0.8787583875855072,1.5214013399685864
2025-04-02,0.6308367113483371,21.77,1.5592330326906187,1.2729786224629556,1.2969558113124608,0.993323069607784,2.2036546065842137,0.6923517666179826,1.33671640549898
2025-04-03,-5.0536350176199285,21.51,1.510665465697158,1.2204772024982653,1.1367690121111529,0.993323069607784,1.6834910635137652,0.49666089537959673,1.1886062840226255
2025-04-04,-6.032671184670413,30.02,2.672397596785884,2.6796021838272335,5.559229838797672,4.712912547056002,2.9154238393428367,0.9601266676751062,10.518190067010485
2025-04-07,-0.17826561078546632,45.31,4.252648360265271,4.702413350138764,11.113664412612932,4.712912547056002,2.915423839342848,0.9601266676751107,11.224748339641847
2025-04-08,-1.5786731357315453,46.98,4.239286748844832,4.422175266809761,9.177513649046787,4.712912547056002,2.6717909432528555,0.8684694680629405,8.695258858084676
2025-04-09,9.986289210181276,52.33,4.0109059578330895,4.306377282970004,8.059021590222654,4.712912547056002,2.8889458762002183,0.9501653857955435,7.459531728635744
2025-04-10,-4.480812955186764,33.62,8.726579434062732,10.031552977354789,23.608730621363122,4.712912547056002,2.915423839342848,0.9601266676751107,11.22482506077378
2025-04-11,1.7685530675971783,40.72,9.66932054856295,10.634320883075675,23.58053151258594,5.061009604041189,3.168716900668336,0.9610147268785006,12.715614949946076
2025-04-14,0.9654784268107619,37.56,9.732499373734631,10.183928427265577,19.917072198413024,5.061009604041189,3.154970989208332,0.956274074255931,11.219419743892482
2025-04-15,-0.2805001787866246,30.89,9.577834943913476,9.628821637187862,16.541411052549062,5.061009604041189,3.0124948552460733,0.9071372920143855,8.09119122968007
2025-04-16,-2.247875770820418,30.12,9.553481776334968,9.05581315997455,13.65566068670246,5.061009604041189,2.6250938007143216,0.7735314681666227,4.445103673512378
2025-04-17,0.14258199876469035,32.64,9.737862336950068,8.815641099238565,12.230611571053947,5.061009604041189,3.1661714299322345,0.9601368518422847,5.713964664320718
2025-04-21,-2.4090683560300974,29.65,9.682959626572492,8.287922410866553,10.083860528416373,5.061009604041189,2.8659360719471234,0.8565924967544721,2.9938810297769196
2025-04-22,2.5685008540412113,33.82,9.955329084706953,8.138863686856094,9.430358465394365,5.061009604041189,3.1681566792388978,0.9608215192329829,4.415110803420352
2025-04-23,1.53767655431567,30.57,10.269429518661967,8.046363663877354,8.86171961194895,5.061009604041189,3.168434374761751,0.9609172901109286,6.0443382911170165
2025-04-24,2.0830449037889665,28.45,10.231991849927502,7.705448795186239,7.6792910683437094,5.061009604041189,3.1370545113207475,0.9500950880073927,4.527876495585581
2025-04-25,0.7199455794199672,26.47,10.435869464601492,7.503466431747136,7.037530277209556,5.061009604041189,3.1640778240910494,0.9594148147441613,4.552012426736587
2025-04-28,0.03811327077993809,24.84,10.391863815007756,7.084357744081888,5.879401338424328,1.0175934290451347,2.954972465616128,0.8872991264588218,2.6707897649425583
2025-04-29,0.627972871098148,25.15,10.388565663601778,6.659383436721547,4.858413925769815,5.061009604041189,2.4213206884748812,0.7032547504853041,1.700306573639471
2025-04-30,0.039661743154351115,24.17,10.210259741776536,6.283481426128368,4.067650664387983,1.0175934290451347,1.8355790508716412,0.501245764865714,1.3267251736654402
2025-05-01,0.706212821261154,24.7,10.189019660260138,5.906566923792868,3.3676943602177536,1.0175934290451347,1.1272549444098248,0.2569608702119102,0.981028128035883
2025-05-02,1.4734903943536715,24.6,10.208980853619742,5.582097101300114,2.8569053936080993,1.0175934290451347,0.8306470170419631,0.15466753354647642,0.8456835607411558
2025-05-05,-0.5750836424619266,22.68,10.29341985294678,5.3774417117572595,2.7065611778008183,1.0175934290451347,1.363770741163292,0.33852979602821076,1.3779048201476631
2025-05-06,-0.8393397423303917,23.64,9.093014819828344,5.07463848080146,2.3273248670597706,1.0175934290451347,1.0906083101521844,0.24432227848903104,1.3018405734195806
2025-05-07,0.4196603805764809,24.76,7.393556228433228,4.812429644136687,2.090638919482305,1.0175934290451347,1.1305962503466729,0.2581132107313742,1.3965127811930396
2025-05-08,0.694376262461649,23.55,7.40042938114927,4.534250755590021,1.7588641373040947,1.0175934290451347,0.743723107833398,0.12468945174720086,1.1742695220015
2025-05-09,-0.1275013407418868,22.48,7.304712691834497,4.291125213886832,1.5306486332887508,1.0175934290451347,0.6104665373815834,0.07873228753694464,1.034459061531778
2025-05-12,3.251303693638885,21.9,2.5566309967158296,4.034633096567081,1.2886426168718452,1.0175934290451347,0.5172667681887876,0.04658980418600102,0.7947130673801721
2025-05-13,0.6582265185562264,18.39,2.103930566663464,4.426813653269248,2.8434730630826968,1.0175934290451347,3.1672039359223594,0.9604929397047844,2.5876824193251955
2025-05-14,0.1277162660276332,18.22,1.9756201950836194,4.187200563056932,2.4156334397205055,1.0175934290451347,2.9442467138783086,0.8836000583211524,1.8561643605563531
2025-05-15,0.4872380879893612,18.62,1.9320089023203364,3.936947215949998,2.0080102265746764,1.0175934290451347,2.394481324845905,0.6939984636289523,1.4471512694995532
2025-05-16,0.631413916566359,17.83,1.9395670263245366,3.7149744402562495,1.6994093974053233,1.0175934290451347,1.7093821589429015,0.45772332341664346,1.1849240354391337
2025-05-19,0.10932230087830064,17.24,1.7179355050384504,3.5159969858828948,1.4691075722671512,1.0175934290451347,1.1815444659053491,0.27568409298288976,1.0002316157604316
2025-05-20,-0.336782254238166,18.14,1.7175365402335732,3.3057542486580807,1.2290810602054794,1.0175934290451347,0.7430454757061118,0.12445575181899282,0.7331454176002326
2025-05-21,-1.6994450334101074,18.09,1.4465752041737723,3.11421433094478,1.06494912821167,1.0175934290451347,0.5952380856609051,0.07348034045454363,0.6188473587320652
2025-05-22,0.03946522752826809,20.87,1.2699521939057652,3.1006482763830303,1.4685817736472915,1.0175934290451347,2.0922362412575652,0.589760999831738,1.6409526488796478
2025-05-23,-0.684928480015401,20.28,1.157433542405372,2.91470283005108,1.229214510739002,1.0175934290451347,1.327953804411127,0.32617734812829413,1.4051776574744488
2025-05-27,2.057759896092204,22.29,0.9731502543832301,2.767968281612187,1.140094569594823,1.0175934290451347,1.1669471351096934,0.2706498051715434,1.3919701556637827
2025-05-28,-0.5802238807243398,18.96,1.1501052140327086,2.85595273211338,1.6394723953374961,1.0175934290451347,2.92461078418979,0.8768280722040205,1.705888525935304
2025-05-29,0.39397607198665696,19.31,1.166067458335245,2.7047951532923458,1.4505661056588635,1.0175934290451347,2.665055732992499,0.7873134308694031,1.5805235459913745
2025-05-30,-0.1119280494692454,19.18,1.1546801830239493,2.551820472812687,1.2294016480249166,1.0175934290451347,1.996831849194161,0.5568581921309879,1.4155226222464232
2025-06-02,0.5617102043709465,18.57,1.1552018418043275,2.399462917739405,1.0395824933272795,1.0175934290451347,1.286220470639409,0.3117844692879835,1.2031116307956087
2025-06-03,0.5686387382782598,18.36,1.1464771658415092,2.2744262438967073,0.9138744826813214,1.0175934290451347,0.8652987122051639,0.1666181160909582,1.0061974514093195
2025-06-04,-0.026859072172147336,17.69,1.0584855502423736,2.157361670143146,0.8115924164314133,1.0175934290451347,0.6445334663044626,0.09048119748817296,0.8184633754058742
2025-06-05,-0.4844394498875637,17.61,1.0427712747152627,2.027963254520034,0.6907892978907021,1.0175934290451347,0.5255778994370306,0.049456124565202216,0.6136365724905598
2025-06-06,1.0216634223921162,18.48,1.02039938793203,1.9203663540852738,0.6486271956375338,1.0175934290451347,0.5086670306519623,0.04362395005359341,0.5780198173702813
2025-06-09,0.09007825263944724,16.77,1.0617175457238577,1.8677721417593955,0.7054055579639538,1.0175934290451347,0.5365504992964572,0.05324032501282998,0.6659441134463588
2025-06-10,0.5653816452236171,17.16,1.0391440075204463,1.7561926587497463,0.6006991984803798,1.0175934290451347,0.48537943300224906,0.03559258660471007,0.5096037560403165
2025-06-11,-0.28562387112680554,16.95,1.0535916176568647,1.6700004835101072,0.5533731314665233,1.0175934290451347,0.476062514946742,0.03237939320224838,0.4569959420461377
2025-06-12,0.39664659066938057,17.26,0.5540966313467508,1.5746953142449485,0.5015783662493581,1.0175934290451347,0.4723319811116088,0.031092816822023073,0.4269242754969118
2025-06-13,-1.1242937418716181,18.02,0.5409569345924171,1.4896533064636301,0.44886760189958136,1.0175934290451347,0.4662011122470707,0.028978419414046837,0.3991893459988357
2025-06-16,0.9469193905309758,20.82,0.6003724095164001,1.4761162931565135,0.6540462563979721,1.0175934290451347,0.6087543948083747,0.07814180845496363,0.6908830381888447
2025-06-17,-0.8581798240983041,19.11,0.6317655227438299,1.441348695496936,0.6863658618554129,1.0175934290451347,0.5937200599319215,0.07295680786274907,0.7136208585694601
2025-06-18,-0.01506833221496251,21.6,0.6478507168607694,1.3990561303964835,0.7467936958882986,1.0175934290451347,0.6534646814742077,0.09356137072662146,0.90747002401165
2025-06-20,-0.23513559249961347,20.14,0.6472924163448844,1.3151263858508389,0.6369796249437558,1.0175934290451347,0.5284514466558938,0.050447145728027123,0.6625139873245266
2025-06-23,0.9828879741340835,20.62,0.6445241525396656,1.2395361275113972,0.5639691948525489,1.0175934290451347,0.49110274931630743,0.037566428395629715,0.5434128613473148
2025-06-24,1.0986829546397736,19.83,0.5529982167356237,1.2231280860425575,0.6233123389359476,1.0175934290451347,0.5158168198390468,0.04608974993592167,0.6067012438827435
2025-06-25,0.05601916132231821,17.48,0.610405203908582,1.2221666549689632,0.7108619902052937,1.0175934290451347,0.561324396136895,0.06178427929113435,0.751191086429708
2025-06-26,0.7793327898452773,16.76,0.5882152574180606,1.1490249444569407,0.605480914964355,1.0175934290451347,0.4941428743837353,0.03861489847458928,0.5572406955426623
2025-06-27,0.4956023121065911,16.59,0.41550020062580456,1.1165250236292057,0.6009168727297642,1.0175934290451347,0.4933799302530615,0.03835177637428498,0.5345333656820951
2025-06-30,0.47698868297967323,16.32,0.4111650530068801,1.0642708213173773,0.5428377222030212,1.0175934290451347,0.4765602088591777,0.03255103652747207,0.46182895553711645
2025-07-01,-0.032376935506928106,16.73,0.41460796054938714,1.0140656642597756,0.4924843424063545,1.0175934290451347,0.46960182616952384,0.03015124839828663,0.4212431977000951
2025-07-02,0.4523060037873172,16.83,0.41406131186818856,0.9532846203613583,0.4284789840902877,1.0175934290451347,0.46397973902492945,0.028212318248482693,0.39403012727952125
2025-07-03,0.7850432849846989,16.64,0.4087785674571221,0.9083623864034,0.39517732221072954,1.0175934290451347,0.46433373483963725,0.028334403363919097,0.385785861244274
2025-07-07,-0.7479881757782358,16.38,0.4227282314870685,0.8908382207771699,0.42926775859703603,1.0175934290451347,0.47798480058312953,0.03304234585329552,0.4044635267624656
2025-07-08,-0.05478500810474074,17.79,0.44933608393212104,0.8709571061967829,0.5000940067695565,1.0175934290451347,0.5129803426841035,0.04511151339609187,0.47012700068767266
2025-07-09,0.5978779093129383,16.81,0.43830369424191495,0.8188797636517581,0.435858655076067,1.0175934290451347,0.47926489961064106,0.03348382293028518,0.4149231025764918
2025-07-10,0.28163525343520845,15.94,0.4056209249938406,0.7911944574993172,0.42332296316146556,1.0175934290451347,0.4749097276215495,0.03198182303948835,0.40489899782639294
2025-07-11,-0.352183056958566,15.78,0.40901160710712336,0.7484818950080089,0.3746201270963296,1.0175934290451347,0.4654160500210519,0.028707669285073158,0.3856298275771305
2025-07-14,0.1906540857047112,16.4,0.3996962023858337,0.7110149556440492,0.3643197324168209,1.0175934290451347,0.47050628022526747,0.03046317405733301,0.39115197109517147
2025-07-15,-0.4282385148899337,17.2,0.39754229689242604,0.6705349971291601,0.32096135833532596,1.003303455497488,0.46594975179280934,0.029120670902335666,0.3813888670083808
2025-07-16,0.33376463505998544,17.38,0.398783235356497,0.6413061908395186,0.33412052206976417,1.003303455497488,0.47607635497849016,0.03264118804315212,0.3950465231718133
2025-07-17,0.6100922696604449,17.16,0.3438957312424512,0.6095117492861509,0.30522488905086886,1.003303455497488,0.4680966020479487,0.029867024144721192,0.3836498812647321
2025-07-18,-0.07325497986467866,16.52,0.3189222191155883,0.5952737989789478,0.31799864266007855,1.003303455497488,0.4723189431487146,0.03133492250580631,0.3891187236681427
2025-07-21,0.1894324846922757,16.41,0.28410763252442545,0.5598793485647094,0.2876053357896106,1.003303455497488,0.4671558978992443,0.02953998801827022,0.38172135345034686
2025-07-22,0.014314721121344576,16.65,0.2858056140301849,0.5284396676262282,0.25882570189298026,1.003303455497488,0.46390179285371447,0.028408697260575266,0.37663546716056384
2025-07-23,0.8471271826796745,16.5,0.2831825742387866,0.4967455822431014,0.23510651570248384,1.003303455497488,0.463278827277411,0.028192123059996722,0.37518854750072833
2025-07-24,0.03312116054994263,15.37,0.27135189299771045,0.5099983151266034,0.313370671898351,1.003303455497488,0.483414794102771,0.03519239897243986,0.4036144371508793
2025-07-25,0.4215399199094527,15.39,0.21392297759105294,0.4794642368955777,0.2792979285797743,1.003303455497488,0.46962545896559443,0.03039853178709017,0.3854602243386507
2025-07-28,-0.02511413786683292,14.93,0.22223525176448214,0.4613581369264791,0.26894610966748594,0.29576988270154775,0.4673644763387777,0.029612500385755927,0.381942108914459
2025-07-29,-0.26410916296857323,15.03,0.19334340045937598,0.433714491906138,0.2448683873980919,1.003303455497488,0.46481917116805227,0.028727624152546927,0.3778910722330264
2025-07-30,-0.12601742797198057,15.98,0.18496873370692649,0.41187684138960734,0.24583003165408857,1.003303455497488,0.46879741587201096,0.03011066231587228,0.3829512981433125
2025-07-31,-0.37581715006584915,15.48,0.17489074268130697,0.38811705443539124,0.23219281311834106,1.003303455497488,0.466841078869673,0.029430541072484065,0.38035686078026587
2025-08-01,-1.6526210744600256,16.72,0.18156646955420208,0.3733043429862848,0.2520566509795646,1.003303455497488,0.4738960798879304,0.03188321464503734,0.39037773638962403
2025-08-04,1.5085337489450623,20.38,0.3018795978726476,0.5147754673520724,0.7723756622400597,1.003303455497488,1.3703241681302074,0.3435267531840753,1.5182270053498983
2025-08-05,-0.5082866020789112,17.52,0.38089774608248944,0.6204293836133228,1.0063606667689715,1.003303455497488,2.1191052628085885,0.6038407627487073,1.7218676591646371
2025-08-06,0.7630677256063478,17.85,0.36655817268957863,0.598704936787699,0.9118947948750689,1.003303455497488,1.6759862974042827,0.44979029937787146,1.5195316956824008
2025-08-07,-0.0838112132393043,16.77,0.39414250396334094,0.5977189818121598,0.8469619566208397,1.003303455497488,1.2551107547098013,0.3034727696951149,1.3932028888016113
2025-08-08,0.7767299982297082,16.57,0.37745518610716156,0.5622773020713088,0.7217399929245979,1.003303455497488,0.7990340614228615,0.14491754769195167,1.153855525229735
2025-08-11,-0.19794179908485532,15.15,0.4024071420201334,0.5647392333560256,0.6943814469897424,1.003303455497488,0.6641642946420993,0.09803002607947434,1.05897852339648
2025-08-12,1.0589687194678454,16.25,0.39836657298281286,0.5332057367041609,0.6064358421848135,1.003303455497488,0.5449159408513571,0.056573294158934646,0.8363304768034179
2025-08-13,0.34174124708306053,14.73,0.4500363714787876,0.5684982774305933,0.68172913895635,0.29576988270154775,0.5776427608290995,0.06795078457536301,0.9634199437783035
2025-08-14,0.009295242669793424,14.49,0.4468648883512995,0.5413956055822309,0.5907515845363073,0.29576988270154775,0.5039881282112876,0.042344725773907896,0.7190773570710142
2025-08-15,-0.23440013620987799,14.83,0.4415642964427073,0.5089170533394745,0.5072651120886484,0.29576988270154775,0.4768033447445778,0.03289392628970737,0.549247393332606
2025-08-18,-0.02176038440708794,15.09,0.42645624150726813,0.4816786355704185,0.4571814276541857,1.003303455497488,0.4725548821389717,0.031416946778324614,0.47645438214896285
2025-08-19,-0.5439878213264748,14.99,0.42622325209081907,0.45280632829596607,0.3989746367720691,0.29576988270154775,0.46653520073144117,0.02932420243070054,0.421331991433683
2025-08-20,-0.266064003758526,15.57,0.43860601797152543,0.4433933135832996,0.4220803738505669,1.003303455497488,0.48381378883529164,0.03533110963080956,0.4393000521369984
2025-08-21,-0.401985480381839,15.69,0.44196721525034616,0.4210371180140626,0.39130209305232566,1.003303455497488,0.4764313080909304,0.032764587616890654,0.415352903787399
2025-08-22,1.5240086659973784,16.6,0.4154894944314421,0.40547043051948783,0.38697265877408316,1.003303455497488,0.479586663224994,0.03386154793331164,0.41444966816704504
2025-08-25,-0.4410732572234899,14.22,0.526037370753296,0.5204983495304252,0.6983045750331105,0.29576988270154775,0.7181188543254469,0.11678734763217619,0.8618419592150701
2025-08-26,0.4178129368376027,14.79,0.5268397380942708,0.5009411856528639,0.6457713164020978,0.29576988270154775,0.605163243340761,0.07751828995000261,0.722893935065473
2025-08-27,0.22759571747474894,14.62,0.535122449059417,0.4813587735250238,0.5688362522711206,0.29576988270154775,0.5173135760916918,0.046977322392125806,0.5582990127516861
2025-08-28,0.3535155984687677,14.85,0.5342675043284115,0.45558523575029314,0.49075688669117395,0.29576988270154775,0.4808007948513905,0.03428364121805493,0.45792239760704506
2025-08-29,-0.5981620934495169,14.43,0.5394624036716523,0.4357485183069194,0.4352907361640065,0.29576988270154775,0.47003201858746557,0.030539872381889537,0.4141966377288323
2025-09-02,-0.743783207711779,15.36,0.5497747541362377,0.4310714806108987,0.4647184598657372,1.003303455497488,0.49048634040891936,0.03765082452011761,0.44332484580552795
2025-09-03,0.5404940401079195,17.17,0.44606318481836216,0.43839999937868623,0.5286058833999701,1.003303455497488,0.524409337407354,0.0494441662963339,0.5125281053774594
2025-09-04,0.8322777985422469,16.35,0.35160888651769256,0.42962402785949594,0.48932111999596517,1.003303455497488,0.49230948445919415,0.03828464118711665,0.4531491111085521
2025-09-05,-0.290053549690672,15.3,0.372291318141188,0.44540776622470596,0.5177967564065713,1.003303455497488,0.4988957619881851,0.04057436287461928,0.464560796145459
2025-09-08,0.24535482989511692,15.18,0.34857030422814583,0.42373116395251315,0.47295008812640865,1.003303455497488,0.483592822245409,0.03525429051852032,0.43147912977450387
2025-09-09,0.23093315004691917,15.11,0.35110243151806086,0.401919233668534,0.41304222325478895,1.003303455497488,0.46963845605497295,0.03040305022976033,0.39848133422101895
2025-09-10,0.28865836079745577,15.04,0.3249129376914262,0.3810038868358575,0.36324209996486323,1.003303455497488,0.46490561270491176,0.028757675583082138,0.38418619870210163
2025-09-11,0.8275814189330433,15.35,0.32701497071206065,0.3631430725812025,0.3257078447802354,1.003303455497488,0.46378013726049655,0.028366403651025565,0.3786953658560481
2025-09-12,-0.03344825419304698,14.71,0.30622812576691116,0.3824479485241241,0.38250571321317456,0.29576988270154775,0.4822193472483409,0.0347768014552085,0.4041978106400016
2025-09-15,0.5309698649018202,14.76,0.3007201117550387,0.3595681987551904,0.33830765697055265,0.29576988270154775,0.46996765782868627,0.03051749734157997,0.3869339548266757
2025-09-16,-0.13777893006370334,15.69,0.3141411877501609,0.3549098466759104,0.33190626099438975,1.003303455497488,0.4702894080073333,0.03062935390376754,0.3867352212332841
2025-09-17,-0.1243221590244481,16.36,0.3124287882127461,0.33475423788952574,0.3036947630283281,1.003303455497488,0.4676087523568505,0.029697423028911492,0.38245789550903
2025-09-18,0.46614892862635315,15.72,0.31314223987441064,0.3155963435696242,0.2794759428151452,1.003303455497488,0.46638600616203163,0.02927233488644192,0.3802156703173577
2025-09-19,0.4940798307160321,15.7,0.30939805291764744,0.3096982523750166,0.2745327572064096,1.003303455497488,0.4671657020892088,0.029543396448341884,0.3808537668425601
2025-09-22,0.4719836238190389,15.45,0.31765161601404585,0.3057632499797385,0.2742476167525082,1.003303455497488,0.46815388786205053,0.029886939578038084,0.38206142384828107
2025-09-23,-0.545844341009083,16.1,0.32056476909573794,0.30078356745015533,0.2710121040879614,1.003303455497488,0.46796137638148705,0.029820012894460103,0.38181572054338575
2025-09-24,-0.3186637353435273,16.64,0.22415256102795375,0.30061331607984443,0.3176434416428655,1.003303455497488,0.48476673500676387,0.03566240170075924,0.40681007467902586
2025-09-25,-0.4624120360154471,16.18,0.21972403521773234,0.2886693116884392,0.31302793168021703,1.003303455497488,0.4790469031423437,0.033673900151715334,0.4008267655196334
2025-09-26,0.5712568582168842,16.74,0.22159342763978418,0.28417864645024987,0.3342200786435704,1.003303455497488,0.4845764069483906,0.03559623408466969,0.41095958330064636
2025-09-29,0.280667871925111,15.29,0.23466650323249752,0.28670799154682436,0.33500180197434865,1.003303455497488,0.4775861967336829,0.03316608505764091,0.40118880539009716
2025-09-30,0.37596305200571223,16.12,0.2324665592310803,0.27423197931387316,0.3020420622114602,1.003303455497488,0.4679542818512187,0.029817546478529938,0.3855729897975294
2025-10-01,0.3401814128206837,16.28,0.22215943191839183,0.26625895354344775,0.28275371166927027,1.003303455497488,0.46593795658327786,0.029116570293614863,0.3808730336426249
2025-10-02,0.11511610193837285,16.29,0.20132657161147052,0.2572268199485615,0.2636710838760421,1.003303455497488,0.46471359054115585,0.028690919010663556,0.3779742325761083
2025-10-03,-0.0014750091957616007,16.63,0.18804647206543743,0.24258831376717696,0.23782755796768495,1.003303455497488,0.4630538686289939,0.028113916107161102,0.37502634176346383
2025-10-06,0.3579727677814226,16.65,0.15506151214666594,0.22803314548027398,0.21842118359503088,1.003303455497488,0.4631316207729883,0.0281409466672264,0.37468264836570647
2025-10-07,-0.3714240117213663,16.37,0.1571573902792818,0.22203982689984306,0.21252511923188083,1.003303455497488,0.4639930758652748,0.028440431831484272,0.3756046491004566
2025-10-08,0.5945217481507115,17.24,0.16086009522834524,0.2169947850748441,0.23520271621044136,1.003303455497488,0.4724289277161438,0.03137315867915684,0.3872567797205716
2025-10-09,-0.2901223911274897,16.3,0.17515180900137312,0.22518246451180413,0.2578443042819907,1.003303455497488,0.4735201598379891,0.03175252590814022,0.3898125973023546
2025-10-10,-2.7399752962904422,16.43,0.1751921591240044,0.21672177675110782,0.259937186139378,1.003303455497488,0.4731861618524307,0.03163641139159438,0.39020519897074907
2025-10-13,1.5227522994731402,21.66,0.5000766171867981,0.6541663476029556,1.6716164582187016,0.9831045133791582,3.0917529814125992,0.954762339173203,2.8841730478027428
2025-10-14,-0.12223561486495171,19.03,0.6104411781316635,0.7540428406798225,1.750373147700637,0.9831045133791582,3.0640968663519463,0.9450489622878391,2.3684005304662437
2025-10-15,0.4429735399713586,20.81,0.5977274899463091,0.709696762971518,1.4643939144216287,0.9831045133791582,2.7306273270530936,0.8279278370721436,1.7114704590776597
2025-10-16,-0.6833553339221865,20.64,0.6061676101151308,0.6788884906201124,1.2421913829129647,0.9831045133791582,2.1411192263557806,0.6208808839303147,1.3796553210924762
2025-10-17,0.566024365362594,25.31,0.6276684916949119,0.6661736519268998,1.1487259200476836,4.990497023137442,1.920378831544455,0.5433524731638677,1.3520098979016018
2025-10-20,1.0346799131350615,20.78,0.6325774801960847,0.6454262477423334,1.0013722692932823,0.9831045133791582,1.3108436903574654,0.32927162564648965,1.1494621909341767
2025-10-21,-0.0014980096920247377,18.23,0.6719321298877416,0.6709344242365041,0.9972370511857327,0.9831045133791582,1.238556058317502,0.3038827735747232,1.225618831680889
2025-10-22,-0.5212521308966878,17.87,0.6613242109772505,0.630678493424296,0.8407331669669109,0.9831045133791582,0.7752593374312404,0.14116376369744646,0.9455938044916861
2025-10-23,0.5912486173937026,18.6,0.6600745795178552,0.6091400108566986,0.7794952020486191,0.9831045133791582,0.6591879087367893,0.10039717265386609,0.8827432290541048
2025-10-24,0.8139338180615852,17.3,0.6718854533915158,0.5935661058594945,0.7033242714985493,0.9831045133791582,0.5504707752378202,0.06221355614605381,0.7200731311220385
2025-10-27,1.1728669012909698,16.37,0.693250375731152,0.5977014351189835,0.6885823194780238,0.9831045133791582,0.5281382942190358,0.054369945268497435,0.6834215611030416
2025-10-28,0.26524281972637453,15.79,0.7432162028780118,0.6443763551004775,0.7903792583519864,0.9831045133791582,0.6056448226001869,0.08159177738740449,0.9119656297396679
2025-10-29,0.04801910945770871,16.42,0.7428152171201751,0.6099349989994327,0.6742983252277275,0.9831045133791582,0.5073338747435918,0.04706301995367991,0.6633234661921319
2025-10-30,-1.105896086992253,16.92,0.7361941513296828,0.5734772491518534,0.5749409726530107,0.9831045133791582,0.47299729997782364,0.03500333293976177,0.5118506613199407
2025-10-31,0.32749223416574935,16.91,0.788921901881878,0.6124489835162288,0.7518678242160481,0.9831045133791582,0.6332869409837547,0.0913002383617891,0.9248373253148783
2025-11-03,0.18748474051362152,17.44,0.7933980660015633,0.5821371143115874,0.647090905517899,0.9831045133791582,0.5192188309336904,0.051237252613881304,0.6730896078497445
2025-11-04,-1.1924455075245532,17.17,0.7950717970621981,0.5493179191284198,0.5535021688616187,0.9831045133791582,0.4765891022261278,0.03626484522588593,0.514617679239175
2025-11-05,0.3459502863581321,19.0,0.8566804535356454,0.601674421285644,0.772765120239095,0.9831045133791582,0.7005601437178571,0.11492792327012634,1.0430653897179851
2025-11-06,-1.0787211721241974,18.01,0.855810253733173,0.5727548520463818,0.6657494940367275,0.9831045133791582,0.5453164912159013,0.06040326922870086,0.761999089838177
2025-11-07,0.09839485460956254,19.5,0.894390408883879,0.608207922954939,0.8146992915762071,0.9831045133791582,0.7466976687603035,0.13113233839901733,1.203963810373055
2025-11-10,1.5483822200001107,19.08,0.8908432920067413,0.5722963404224608,0.6894089102491814,0.9831045133791582,0.5571852697480891,0.06457181997414073,0.9002241505611561
2025-11-11,0.22867225253300205,17.6,0.6475110479558162,0.6818078099498616,0.9591964365608238,0.9831045133791582,0.9841035133895267,0.2145139861327804,1.4646050989952386
2025-11-12,0.05561720086522115,17.28,0.5395832590761866,0.6440368012975809,0.8106289583123043,0.9831045133791582,0.6533199609497108,0.09833623284816567,1.2031864205527507
2025-11-13,-1.6733167179541653,17.51,0.5390190556233613,0.6055801896016509,0.6864382079084181,0.9831045133791582,0.5236240291477758,0.05278444571798512,0.918542137266261
2025-11-14,-0.01638774077639127,20.0,0.6630077833124158,0.7372447085406459,1.1437434356529192,0.9831045133791582,1.820192993038267,0.508165216896941,1.6408478830887585
2025-11-17,-0.9360013327470718,19.83,0.6407836902480277,0.6930261395110724,0.9612757112377787,0.9831045133791582,1.1277343708148964,0.26495999590244185,1.457396981348569
2025-11-18,-0.843301181992473,22.38,0.6672463051394641,0.7040104808346657,1.0004671888115382,0.9831045133791582,1.3243879563711975,0.3340286408721813,1.5238715457327732
2025-11-19,0.3855793394679452,24.69,0.650131750896832,0.7044392649975799,0.999923973894833,0.9831045133791582,1.3811420896264646,0.35396181966108803,1.5322994016151261
2025-11-20,-1.5359633788198934,23.66,0.6572112358011891,0.6710931947191973,0.8554822640593537,0.9831045133791582,0.8663630602821087,0.17316120056699524,1.3660422588919474
2025-11-21,0.9911911962451114,26.42,0.756615031854117,0.7723786131005949,1.198901447781608,4.990497023137442,2.2802836369153767,0.6697581888529446,1.6292837838795478
2025-11-24,1.4611286476517549,23.43,0.7867524156609671,0.784983495565388,1.1448786185281545,0.9831045133791582,2.0867633722438708,0.6017900284086003,1.5682809041700894
2025-11-25,0.9361984160780601,20.52,0.8568671139849832,0.8659783013307836,1.2886035881341127,0.9831045133791582,2.5942535302263017,0.7800306511166483,1.6153913670918987
2025-11-26,0.6879822175008599,18.56,0.8330980999908494,0.8666076517069606,1.20146279657536,0.9831045133791582,2.349534948925983,0.6940806250262724,1.551234718795616
2025-11-28,0.5443530155520016,17.19,0.852286946570897,0.843010364500387,1.067361927757646,0.9831045133791582,1.8201467994519949,0.5081489927919949,1.4460988932247658
2025-12-01,-0.4575886016985997,16.35,0.8662876308883943,0.8102089549627973,0.9312504924633994,0.9831045133791582,1.2172298009693319,0.2963925684348207,1.2810543906561631
2025-12-02,0.1850447399204036,17.24,0.8180200677064755,0.7741596573692981,0.8402564641883686,0.9831045133791582,0.9081593881165608,0.18784090101624093,1.1716084724214173
2025-12-03,0.3456857201248553,16.59,0.8145434197223486,0.7297645712734728,0.7115949477970684,0.9831045133791582,0.6202902724968069,0.08673555026329827,0.8894532116097389
2025-12-04,0.07308840013013906,16.08,0.8185599953972427,0.6931486140229588,0.6156393964875176,0.9831045133791582,0.5151774679264186,0.049817845660514684,0.6668853755574828
2025-12-05,0.1897622211278538,15.78,0.7511035966266759,0.6518802120355962,0.5265513322708063,0.9831045133791582,0.4754030091251705,0.035848265771922065,0.5141627576702001
2025-12-08,-0.30087229641653224,15.41,0.747119220433157,0.6149279813475029,0.4548736168387079,0.9831045133791582,0.46208584624823146,0.031171013678350828,0.43470434453090867
2025-12-09,-0.08634681746206851,16.66,0.6960184952694406,0.5834637507917102,0.4234526748275116,0.9831045133791582,0.4653371347246966,0.032312930764886144,0.41626651363424894
2025-12-10,0.6610189204324435,16.93,0.6959125060062116,0.5489032721173572,0.37527501892714243,0.9831045133791582,0.46066297536776535,0.030671273165597472,0.3932493200257533
2025-12-11,0.23243682613731664,15.77,0.6025533876232212,0.5421858365804962,0.38536919390407465,0.9831045133791582,0.4679306102716637,0.033223810885807684,0.3976266974571333
2025-12-12,-1.0810229145280736,14.85,0.602636048531139,0.5128962990743539,0.34094413149556296,0.29392014033161185,0.4598550391246784,0.030387509910663163,0.38159056556381155
2025-12-15,-0.15119923520838796,15.74,0.6581368708503145,0.5522391536339789,0.5497096725239539,0.9831045133791582,0.5952035980105137,0.07792461193911936,0.6105774464410639
2025-12-16,-0.2736102974530752,16.5,0.525892697999967,0.5204764769395962,0.483717870841407,0.9831045133791582,0.5103133302142273,0.04810946388971256,0.4868876662227396
2025-12-17,-1.1064551294451164,16.48,0.5294447949916149,0.49373964401556203,0.4433106218519518,0.9831045133791582,0.4838404294544335,0.03881165536654242,0.44144972052240583
2025-12-18,0.7522900603253113,17.62,0.5460231025426203,0.5375698425831529,0.6443267320231906,0.9831045133791582,0.6547735063367456,0.09884674685685008,0.7840453840646158
2025-12-19,0.9022659376601183,16.87,0.5391080287956851,0.5392720721200193,0.6253256976825174,0.9831045133791582,0.5748087598071707,0.07076153970172717,0.6888350839999478
2025-12-22,0.6210493559657415,14.91,0.5707943333307877,0.5557607771285197,0.64849060804181,0.29392014033161185,0.5601937942547571,0.06562847353296601,0.6977876751623882
2025-12-23,0.4560021767032296,14.08,0.4768190381626753,0.5455572686535363,0.6014080237183349,0.29392014033161185,0.509513138409178,0.04782842063522878,0.5867003266209023
2025-12-24,0.35115638964393625,14.0,0.43993703805049766,0.5253001116438091,0.5371800471204259,0.29392014033161185,0.478761619883299,0.03702787657529749,0.48644849639729365
2025-12-26,-0.010139932864117185,13.47,0.3441472230504556,0.5011807535444464,0.4733072667332069,0.29392014033161185,0.46491908610903077,0.032166103788231586,0.4258150286864436
2025-12-29,-0.35700460197976014,13.6,0.3024155727633804,0.4711160774260889,0.41205911258187466,0.29392014033161185,0.45943036006401616,0.03023835419003906,0.39564132283661646
2025-12-30,-0.122195190320884,14.2,0.2859457039175388,0.45049624993060716,0.3969695512870964,0.29392014033161185,0.46656495641687934,0.03274416612885686,0.3979715198812556
